ARP_ID,Research_Information
ARP_AYU000001,"CLINICAL RESEARCH AYURVEDA Downloads: 49 MANAGEMENT OF IRON DEFICIENCY ANAEMIA IN FEMALES BY PUNARNAVA MANDURA ARP ID : ARP_AYU000001 PubMed ID : NI Doi : No Reference Type : JOURNAL ARTICLE Body System : BLOOD, BLOOD FORMING ORGANS AND IMMUNE MECHANISM Disease : IRON DEFICIENCY ANAEMIA(ICPC-B80|ICD-D50) Research Status : Published Work Sub Category : CLINICAL RESEARCH EVIDENCE GRADE C Journal : Journal Of Ayurveda"
ARP_AYU000002,"CLINICAL RESEARCH AYURVEDA Downloads: 5 LAJA MANDA & PEYA: A STUDY ON REHYDRATION & NUTRITIONAL EFFECT IN INFANTILE DIARRHOEA ARP ID : ARP_AYU000002 PubMed ID : NI Doi : No Reference Type : JOURNAL ARTICLE Body System : DIGESTIVE Disease : GASTROINTESTINAL INFECTION(ICPC-D70|ICD-A00, A01, A02, A03, A04, A05, A06, A07, A08, A09) Research Status : Published Work Sub Category : CLINICAL RESEARCH EVIDENCE GRADE B Journal : Journal Of Ayurveda"
ARP_AYU000003,"CLINICAL RESEARCH AYURVEDA Downloads: 4 EFFICACY OF AYURVEDIC MEDICINE IN THE TREATMENT OF ORAL LEUCOPLAKIA - A RANDOMIZED, SINGLE BLIND STUDY ARP ID : ARP_AYU000003 PubMed ID : NI Doi : No Reference Type : JOURNAL ARTICLE Body System : DIGESTIVE Disease : MOUTH/TONGUE/LIP DISEASE(ICPC-D83|ICD-A69.0, A69.1, B00.2, B37.0, K11, K12, K13, K14) Research Status : Published Work Sub Category : CLINICAL RESEARCH EVIDENCE GRADE B Journal : Journal Of Ayurveda"
ARP_AYU000004,"CLINICAL RESEARCH AYURVEDA Downloads: 6 CLINICAL EVALUATION OF VANGA BHASMA PREPARED BY TWO DIFFERENT METHODS IN THE MANAGEMENT OF MADHUMEHA (DIABETES MELLITUS) ARP ID : ARP_AYU000004 PubMed ID : NI Doi : No Reference Type : JOURNAL ARTICLE Body System : ENDOCRINE / METABOLIC AND NUTRITIONAL Disease : DIABETES NON-INSULIN DEPENDENT(ICPC-T90|ICD-E11, E12, E13, E14) Research Status : Published Work Sub Category : CLINICAL RESEARCH EVIDENCE GRADE C Journal : Journal Of Ayurveda"
ARP_AYU000005,CLINICAL RESEARCH AYURVEDA Downloads: 6 VATARAKTA – A CLINICAL STUDY ARP ID : ARP_AYU000005 PubMed ID : NI Doi : No Reference Type : JOURNAL ARTICLE Body System : ENDOCRINE / METABOLIC AND NUTRITIONAL Disease : GOUT(ICPC-T92|ICD-M10) Research Status : Published Work Sub Category : CLINICAL RESEARCH EVIDENCE GRADE B Journal : Journal Of Ayurveda
ARP_AYU000006,"CLINICAL RESEARCH AYURVEDA Downloads: 2 A STUDY ON COMBINED EFFECT OF SHAALA, MUNDI & NAADIHINGU ON HYPERLIPOPROTIENAMIA ARP ID : ARP_AYU000006 PubMed ID : NI Doi : No Reference Type : JOURNAL ARTICLE Body System : ENDOCRINE / METABOLIC AND NUTRITIONAL Disease : LIPID DISORDER(ICPC-T93|ICD-E78) Research Status : Published Work Sub Category : CLINICAL RESEARCH EVIDENCE GRADE C Journal : Journal Of Ayurveda"
ARP_AYU000007,CLINICAL RESEARCH AYURVEDA Downloads: 4 CLINICAL EVALUATION OF HARIDRA & CHITRAK IN THE MANAGEMENT OF MEDOROGA (OBESITY) ARP ID : ARP_AYU000007 PubMed ID : NI Doi : No Reference Type : JOURNAL ARTICLE Body System : ENDOCRINE / METABOLIC AND NUTRITIONAL Disease : OBESITY(ICPC-T82|ICD-E66) Research Status : Published Work Sub Category : CLINICAL RESEARCH EVIDENCE GRADE B Journal : Journal Of Ayurveda
ARP_AYU000008,"CLINICAL RESEARCH AYURVEDA Downloads: 1 ROLE OF ALAMBUSHADI GHANAVATI IN THE MANAGEMENT OF AMAVATA WITH SPECIAL REFERENCE TO RHEUMATOID ARTHRITIS. ARP ID : ARP_AYU000008 PubMed ID : NI Doi : No Reference Type : JOURNAL ARTICLE Body System : MUSCULOSKELETAL Disease : RHEUMATOID/SEROPOSITIVE ARTHRITIS(ICPC-L88|ICD-M05, M06, M08, M45) Research Status : Published Work Sub Category : CLINICAL RESEARCH EVIDENCE GRADE C Journal : Journal Of Ayurveda"
ARP_AYU000009,"CLINICAL RESEARCH AYURVEDA Downloads: 2 EFFECTIVENESS OF HEALING ENERGY ON SIGNIFICANTLY LOWERING BLOOD GLUCOSE IN DIABETIC PATIENTS: A PILOT STUDY REPORT. ARP ID : ARP_AYU000009 PubMed ID : NI Doi : No Reference Type : JOURNAL ARTICLE Body System : ENDOCRINE / METABOLIC AND NUTRITIONAL Disease : DIABETES NON-INSULIN DEPENDENT(ICPC-T90|ICD-E11, E12, E13, E14) Research Status : Published Work Sub Category : CLINICAL RESEARCH EVIDENCE GRADE C Journal : Journal Of Ayurveda"
ARP_AYU000010,CLINICAL RESEARCH AYURVEDA Downloads: 9 CLINICAL EVALUATION OF HYPOLIPIDAEMIC ACTIVITIES OF CERTAIN HERBO-MINERAL DRUGS WITH SPECIAL REFERENCE TO OBESITY ARP ID : ARP_AYU000010 PubMed ID : NI Doi : No Reference Type : JOURNAL ARTICLE Body System : ENDOCRINE / METABOLIC AND NUTRITIONAL Disease : OBESITY(ICPC-T82|ICD-E66) Research Status : Published Work Sub Category : CLINICAL RESEARCH EVIDENCE GRADE B Journal : Journal Of Ayurveda
ARP_AYU000012,CLINICAL RESEARCH AYURVEDA Downloads: 0 A COMPARATIVE STUDY ON THE EFFECT OF TRIYUSHANADI ANJANA AND SODIUM CROMOGLYCATE 2% EYE DROPS ON KAPHAJA ABHISHYANDA W.S.R. TO SPRING CATARRH ARP ID : ARP_AYU000012 PubMed ID : NI Doi : No Reference Type : JOURNAL ARTICLE Body System : EYE Disease : CONJUNCTIVITIS ALLERGIC(ICPC-F71|ICD-H10.1) Research Status : Published Work Sub Category : CLINICAL RESEARCH EVIDENCE GRADE B Journal : Journal Of Ayurveda
ARP_AYU000013,"CLINICAL RESEARCH AYURVEDA Downloads: 0 EFFECT OF SHATADHAUT GHRIT IN THE MANAGEMENT OF PATHOLOGICAL LEUCORRHOEA WITH SPECIAL REFERENCE TO MANAGEMNET OF PITTAJA YONIVYAPAD ARP ID : ARP_AYU000013 PubMed ID : NI Doi : No Reference Type : JOURNAL ARTICLE Body System : FEMALE GENITAL SYSTEM INCLUDING BREAST Disease : VAGINAL DISCHARGE(ICPC-X14|ICD-N89.8,A59) Research Status : Published Work Sub Category : CLINICAL RESEARCH EVIDENCE GRADE B Journal : Journal Of Ayurveda"
ARP_AYU000014,CLINICAL RESEARCH AYURVEDA Downloads: 1 A COMPARATIVE STUDY ON ROLE OF SHIRODHARA & JATAMAMSI IN THE MANAGEMENT OF VATIKA SHIRAH SHOOLA W.S.R. TO TENSION HEAD ACHE ARP ID : ARP_AYU000014 PubMed ID : NI Doi : No Reference Type : JOURNAL ARTICLE Body System : GENERAL/UNSPECIFIED Disease : HEADACHE (ICPC-N01|ICD-R51) Research Status : Published Work Sub Category : CLINICAL RESEARCH EVIDENCE GRADE B Journal : Journal Of Ayurveda
ARP_AYU000016,"CLINICAL RESEARCH AYURVEDA Downloads: 1 EFFECT OF INTERVENTION OF AYURVEDA & PRACTICAL IMPLEMENTATION OF SHADCHAKRAS (PRANIC HEALING) AN INDIGENOUS APPROACH AS CO-THERAPY WITH CHEMOTHERAPY & RADIOTHERAPY FOR PHYSICAL & MENTAL WELL BEING OF CANCER PATIENTS - A CLINICAL STUDY ARP ID : ARP_AYU000016 PubMed ID : NI Doi : No Reference Type : JOURNAL ARTICLE Body System : GENERAL/UNSPECIFIED Disease : MALIGNANCY NOS(ICPC-A79|ICD-C38.1, C38.2, C38.3, C38.8, C45.7, C45.9, C46.7, C46.8, C46.9, C76, C78, C79, C80, C97, D09.7, D09.9) Research Status : Published Work Sub Category : CLINICAL RESEARCH EVIDENCE GRADE B Journal : Journal Of Ayurveda"
ARP_AYU000017,"CLINICAL RESEARCH AYURVEDA Downloads: 0 EVALUATION OF CLINICAL RESPONSE OF CARCINOLYT (HERBAL NUTRIENTS0 TO CONTROL ADVERSE EFFECTS OF RADIOTHERAPY IN CANCER ARP ID : ARP_AYU000017 PubMed ID : NI Doi : No Reference Type : JOURNAL ARTICLE Body System : GENERAL/UNSPECIFIED Disease : MALIGNANCY NOS(ICPC-A79|ICD-C38.1, C38.2, C38.3, C38.8, C45.7, C45.9, C46.7, C46.8, C46.9, C76, C78, C79, C80, C97, D09.7, D09.9) Research Status : Published Work Sub Category : CLINICAL RESEARCH EVIDENCE GRADE B Journal : Journal Of Ayurveda"
ARP_AYU000018,"CLINICAL RESEARCH AYURVEDA Downloads: 0 TAMING THE SIDE EFFECTS OF RADIOTHERAPY IN ORAL CARCINOMA PATIENTS WITH HELP OF AYURVEDIC MEDICINE (CLINICAL STUDY) ARP ID : ARP_AYU000018 PubMed ID : NI Doi : No Reference Type : JOURNAL ARTICLE Body System : GENERAL/UNSPECIFIED Disease : MALIGNANCY NOS(ICPC-A79|ICD-C38.1, C38.2, C38.3, C38.8, C45.7, C45.9, C46.7, C46.8, C46.9, C76, C78, C79, C80, C97, D09.7, D09.9) Research Status : Published Work Sub Category : CLINICAL RESEARCH EVIDENCE GRADE C Journal : Journal Of Ayurveda"
ARP_AYU000021,"CLINICAL RESEARCH AYURVEDA Downloads: 0 A CLINICAL EVALUATION OF RASNADI GUGGULU & KATIBASTI IN KATISHOOL (W.S.R. TO LUMBO-SACRAL DISORDERS) ARP ID : ARP_AYU000021 PubMed ID : NI Doi : No Reference Type : JOURNAL ARTICLE Body System : MUSCULOSKELETAL Disease : BACK SYNDROME WITH RADIATING PAIN(ICPC-L86|ICD-M47.1, M47.2, M51, M54.3, M54.4) Research Status : Published Work Sub Category : CLINICAL RESEARCH EVIDENCE GRADE C Journal : Journal Of Ayurveda"
ARP_AYU000022,CLINICAL RESEARCH AYURVEDA Downloads: 0 CLINICAL STUDY OF THE ROLE OF AN AYURVEDIC COMPOUND (MANAS NIYAMAK YOGA) AND SHIRODHARA IN THE MANAGEMENT OF ADHD IN CHILDREN ARP ID : ARP_AYU000022 PubMed ID : NI Doi : No Reference Type : JOURNAL ARTICLE Body System : PSYCHOLOGICAL Disease : HYPERKINETIC DISORDER(ICPC-P81|ICD-F90) Research Status : Published Work Sub Category : CLINICAL RESEARCH EVIDENCE GRADE A Journal : Journal Of Ayurveda
ARP_AYU000023,CLINICAL RESEARCH AYURVEDA Downloads: 0 CLINICAL STUDY TO ASSESS THE ROLE OF SHRINGYADI YOG IN RESPIRATORY ALLERGIC DISORDERS OF CHILDREN ARP ID : ARP_AYU000023 PubMed ID : NI Doi : No Reference Type : JOURNAL ARTICLE Body System : RESPIRATORY Disease : ALLERGIC RHINITIS(ICPC-R97|ICD-J30) Research Status : Published Work Sub Category : CLINICAL RESEARCH EVIDENCE GRADE B Journal : Journal Of Ayurveda
ARP_AYU000024,CLINICAL RESEARCH AYURVEDA Downloads: 0 CLINICAL STUDY TO ASSESS THE EFFICACY OF SHIRISHADI COMPOUND IN RESPIRATORY ALLERGIC DISORDERS OF CHILDREN ARP ID : ARP_AYU000024 PubMed ID : NI Doi : No Reference Type : JOURNAL ARTICLE Body System : RESPIRATORY Disease : ALLERGIC RHINITIS(ICPC-R97|ICD-J30) Research Status : Published Work Sub Category : CLINICAL RESEARCH EVIDENCE GRADE A Journal : Journal Of Ayurveda
ARP_AYU000025,"CLINICAL RESEARCH AYURVEDA Downloads: 0 A CLINICAL STUDY ON THE ROLE OF SHIRISHADYAVALEHA AND VIRECHANA IN THE MANAGEMENT OF TAMAKASHVASA ARP ID : ARP_AYU000025 PubMed ID : NI Doi : No Reference Type : JOURNAL ARTICLE Body System : RESPIRATORY Disease : ASTHMA(ICPC-R96|ICD-J45, J46) Research Status : Published Work Sub Category : CLINICAL RESEARCH EVIDENCE GRADE B Journal : Journal Of Ayurveda"
ARP_AYU000026,"CLINICAL RESEARCH AYURVEDA Downloads: 0 CLINICAL STUDY ON THE ROLE OF VASAKANTAKARYADI YOG AND SNEHANA-SWEDANA IN THE MANAGEMENT OF BRONCHIAL ASTHMA IN CHILDREN ARP ID : ARP_AYU000026 PubMed ID : NI Doi : No Reference Type : JOURNAL ARTICLE Body System : RESPIRATORY Disease : ASTHMA(ICPC-R96|ICD-J45, J46) Research Status : Published Work Sub Category : CLINICAL RESEARCH EVIDENCE GRADE B Journal : Journal Of Ayurveda"
ARP_AYU000027,"CLINICAL RESEARCH AYURVEDA Downloads: 0 ROLE OF AYURVEDIC DRUGS IN THE MANAGEMENT OF TUNDIKERI W.S.R. TO TONSILLITIS. ARP ID : ARP_AYU000027 PubMed ID : NI Doi : No Reference Type : JOURNAL ARTICLE Body System : RESPIRATORY Disease : TONSILLITIS ACUTE(ICPC-R76|ICD-J03.8, J03.9, J36) Research Status : Published Work Sub Category : CLINICAL RESEARCH EVIDENCE GRADE C Journal : Journal Of Ayurveda"
ARP_AYU000028,CLINICAL RESEARCH AYURVEDA Downloads: 0 A CLINICAL STUDY TO ASSESS THE EFFICACY OF SUKTYADI YOG IN RICKETS. ARP ID : ARP_AYU000028 PubMed ID : NI Doi : No Reference Type : JOURNAL ARTICLE Body System : ENDOCRINE / METABOLIC AND NUTRITIONAL Disease : RICKETS (ICD-E55.0) Research Status : Published Work Sub Category : CLINICAL RESEARCH EVIDENCE GRADE C Journal : Journal Of Ayurveda
ARP_AYU000029,CLINICAL RESEARCH AYURVEDA Downloads: 0 EFFECT OF CLASSICAL VAMANOTTARA VIRECHANA KARMA FOLLOWED BY SOME AYURVEDA MEDICINE IN THE MANAGEMENT OF PSORIASIS: A CASE STUDY. ARP ID : ARP_AYU000029 PubMed ID : NI Doi : No Reference Type : JOURNAL ARTICLE Body System : SKIN Disease : PSORIASIS(ICPC-S91|ICD-L40) Research Status : Published Work Sub Category : CLINICAL RESEARCH EVIDENCE GRADE C Journal : Journal Of Ayurveda
ARP_AYU000030,"CLINICAL RESEARCH AYURVEDA Downloads: 1 COMPARATIVE STUDY OF YAUGIC KARMA (DHAUTI-PRANAYAMA) & VASAVALEHA IN TAMAKA SHWASA ARP ID : ARP_AYU000030 PubMed ID : NI Doi : No Reference Type : JOURNAL ARTICLE Body System : RESPIRATORY Disease : ASTHMA(ICPC-R96|ICD-J45, J46) Research Status : Published Work Sub Category : CLINICAL RESEARCH EVIDENCE GRADE B Journal : Journal Of Ayurveda"
ARP_AYU000031,"CLINICAL RESEARCH AYURVEDA Downloads: 0 A STUDY ON THE EFFECT OF SRI BAHUSALA GUDAM AS NAIMITTIKA RASAYANA IN THE MANAGEMENT OF INDUSTRIAL HAZARDS W.S.R. TO TAMAKA SWASA ARP ID : ARP_AYU000031 PubMed ID : NI Doi : No Reference Type : JOURNAL ARTICLE Body System : RESPIRATORY Disease : ASTHMA(ICPC-R96|ICD-J45, J46) Research Status : Published Work Sub Category : CLINICAL RESEARCH EVIDENCE GRADE C Journal : Journal Of Ayurveda"
ARP_AYU000032,"CLINICAL RESEARCH AYURVEDA Downloads: 0 CLINICAL EVALUATION OF SHIREESHADI GHANAVATI IN THE DISEASE TAMAKA SHWASA ARP ID : ARP_AYU000032 PubMed ID : NI Doi : No Reference Type : JOURNAL ARTICLE Body System : RESPIRATORY Disease : ASTHMA(ICPC-R96|ICD-J45, J46) Research Status : Published Work Sub Category : CLINICAL RESEARCH EVIDENCE GRADE C Journal : Journal Of Ayurveda"
ARP_AYU000033,"CLINICAL RESEARCH AYURVEDA Downloads: 0 TREATMENT OF ASTHMA IN CHILDREN WITH SHVAS-KAS-CHINTAMANI RAS (SKCR) ARP ID : ARP_AYU000033 PubMed ID : NI Doi : No Reference Type : JOURNAL ARTICLE Body System : RESPIRATORY Disease : ASTHMA(ICPC-R96|ICD-J45, J46) Research Status : Published Work Sub Category : CLINICAL RESEARCH EVIDENCE GRADE C Journal : Journal Of Ayurveda"
ARP_AYU000034,CLINICAL RESEARCH AYURVEDA Downloads: 0 A COMPARATIVE CLINICAL STUDY OF GUDUCHI GHANA PREPARED BY KWATHA AND AQUEOUS EXTRACT ON EKAKUSTHA. ARP ID : ARP_AYU000034 PubMed ID : NI Doi : No Reference Type : JOURNAL ARTICLE Body System : SKIN Disease : PSORIASIS(ICPC-S91|ICD-L40) Research Status : Published Work Sub Category : CLINICAL RESEARCH EVIDENCE GRADE C Journal : Journal Of Ayurveda
ARP_AYU000035,CLINICAL RESEARCH AYURVEDA Downloads: 0 EFFECT OF SEMECARPUS ANACARDIUM LINN. (BHALLATAKA) IN THE MANAGEMENT OF SKIN DISEASES W.S.R. TO PSORIASIS ARP ID : ARP_AYU000035 PubMed ID : NI Doi : No Reference Type : JOURNAL ARTICLE Body System : SKIN Disease : PSORIASIS(ICPC-S91|ICD-L40) Research Status : Published Work Sub Category : CLINICAL RESEARCH EVIDENCE GRADE C Journal : Journal Of Ayurveda
ARP_AYU000036,CLINICAL RESEARCH AYURVEDA Downloads: 0 DERMATOMYOSITIS: A COMBINED APPROACH BY PANCHAKARMA (A CASE STUDY). ARP ID : ARP_AYU000036 PubMed ID : NI Doi : No Reference Type : JOURNAL ARTICLE Body System : MUSCULOSKELETAL Disease : DERMATOMYOSITIS (ICD-M33.10) Research Status : Published Work Sub Category : CLINICAL RESEARCH EVIDENCE GRADE C Journal : Journal Of Ayurveda
ARP_AYU000037,"CLINICAL RESEARCH AYURVEDA Downloads: 1 A CLINICAL STUDY OF SHWITRA (VITILIGO) ARP ID : ARP_AYU000037 PubMed ID : NI Doi : No Reference Type : JOURNAL ARTICLE Body System : SKIN Disease : SKIN DISEASE OTHER(ICPC-S99|ICD-L10, L11, L12, L13, L14, L26, L28, L30.2, L30.5, L41, L43, L44, L45, L51, L52, L53.0, L53.1, L53.2, L53.3, L53.8, L54, L60.2, L60.3, L60.8, L68, L71, L72.0, L72.2, L72.8, L72.9, L73.0, L73.1, L73.8, L73.9, L80, L81.1, L81.4, L81.5, L81.6, L81.7, L81.8, L81.9, L82, L8) Research Status : Published Work Sub Category : CLINICAL RESEARCH EVIDENCE GRADE C Journal : Journal Of Ayurveda"
ARP_AYU000040,CLINICAL RESEARCH AYURVEDA Downloads: 0 A CLINICAL STUDY TO EVALUATE THE EFFICACY OF MEETHA NEEM (MURRAYA KOENIGII) IN MANAGEMENT OF AMLAPITTA WITH SPECIAL REFERENCE TO NON ULCER DYSPEPSIA ARP ID : ARP_AYU000040 PubMed ID : NI Doi : No Reference Type : JOURNAL ARTICLE Body System : DIGESTIVE Disease : FLATULENCE/GAS/BELCHING (ICPC-D08| ICD-R14) Research Status : Published Work Sub Category : CLINICAL RESEARCH EVIDENCE GRADE C Journal : Journal Of Ayurveda
ARP_AYU000041,"CLINICAL RESEARCH AYURVEDA Downloads: 0 A CLINICAL EVALUATION OF AGNIKARMA IN SANDHIGATA VATA W.S.R. TO CERVICAL SPONDYLOSIS ARP ID : ARP_AYU000041 PubMed ID : NI Doi : No Reference Type : JOURNAL ARTICLE Body System : MUSCULOSKELETAL Disease : NECK SYNDROME(ICPC-L83|ICD-M43.3, M43.4, M43.6, M47.8, M47.9, M48, M50, M53.0, M53.1) Research Status : Published Work Sub Category : CLINICAL RESEARCH EVIDENCE GRADE C Journal : Journal Of Ayurveda"
ARP_AYU000042,"CLINICAL RESEARCH AYURVEDA Downloads: 0 VERACITY OF SUVARNA BHASMA (GOLD ASH) AN INDIGENOUS AYURVEDIC PREPARATION, AS A THERAPEUTIC AGENT FOR MALE INFERTILITY ARP ID : ARP_AYU000042 PubMed ID : NI Doi : No Reference Type : JOURNAL ARTICLE Body System : MALE GENITAL Disease : MALE INFERTILITY/SUBFERTILITY (ICPC-Y10|ICD-N46, Z31.0, Z31.4, Z31.6, Z31.8, Z31.9) Research Status : Published Work Sub Category : CLINICAL RESEARCH EVIDENCE GRADE C Journal : Journal Of Ayurveda"
ARP_AYU000043,CLINICAL RESEARCH AYURVEDA Downloads: 0 A CLINICAL STUDY ON THE ROLE OF INDIGENOUS FORMULATION ON ARSHA (PILES) ARP ID : ARP_AYU000043 PubMed ID : NI Doi : No Reference Type : JOURNAL ARTICLE Body System : DIGESTIVE Disease : HAEMORRHOIDS(ICD-K64.8) Research Status : Published Work Sub Category : CLINICAL RESEARCH EVIDENCE GRADE C Journal : Journal Of Ayurveda
ARP_AYU000046,CLINICAL RESEARCH AYURVEDA Downloads: 0 ROLE OF AMALAKI RASAYANA AND MUKTA PISHTI IN PITTA SHAMAN - A COMPARATIVE STUDY ARP ID : ARP_AYU000046 PubMed ID : NI Doi : No Reference Type : JOURNAL ARTICLE Body System : DIGESTIVE Disease : FISTULA IN ANO (ICD-K-60.3) Research Status : Published Work Sub Category : CLINICAL RESEARCH EVIDENCE GRADE C Journal : Journal Of Ayurveda
ARP_AYU000048,"CLINICAL RESEARCH AYURVEDA Downloads: 0 CLINICAL EVALUATION OF THE ROLE OF CERTAIN HEPATO-PROTECTIVE DRUGS IN THE MANAGEMENT OF FATTY LIVER (FATTY LIVER DEGENERATION) ARP ID : ARP_AYU000048 PubMed ID : NI Doi : No Reference Type : JOURNAL ARTICLE Body System : DIGESTIVE Disease : LIVER DISEASE NOS(ICPC-D97|ICD-B58.1, B94.2, K70, K71, K72, K73, K74, K75, K76, K77) Research Status : Published Work Sub Category : CLINICAL RESEARCH EVIDENCE GRADE B Journal : Journal Of Ayurveda"
ARP_AYU000051,"CLINICAL RESEARCH AYURVEDA Downloads: 0 CLASSICAL RESEARCH WORK - CONDUCTED ON POOGTRIM IN MADHUMEHA ARP ID : ARP_AYU000051 PubMed ID : NI Doi : No Reference Type : JOURNAL ARTICLE Body System : ENDOCRINE / METABOLIC AND NUTRITIONAL Disease : DIABETES NON-INSULIN DEPENDENT(ICPC-T90|ICD-E11, E12, E13, E14) Research Status : Published Work Sub Category : CLINICAL RESEARCH EVIDENCE GRADE C Journal : Journal Of Ayurveda"
ARP_AYU000053,CLINICAL RESEARCH AYURVEDA Downloads: 0 RANDOMIZED CLINICAL TRIAL TO EVALUATE THE ROLE OF TRIPHALA GUGGULU SYRUP IN BALA ATI STHAULYA (CHILDHOOD OBESITY) ARP ID : ARP_AYU000053 PubMed ID : NI Doi : No Reference Type : JOURNAL ARTICLE Body System : ENDOCRINE / METABOLIC AND NUTRITIONAL Disease : OBESITY(ICPC-T82|ICD-E66) Research Status : Published Work Sub Category : CLINICAL RESEARCH EVIDENCE GRADE B Journal : Journal Of Ayurveda
ARP_AYU000054,"CLINICAL RESEARCH AYURVEDA Downloads: 0 THE ROLE OF INDIGENOUS RECIPE IN MANAGEMENT OF MALNUTRITION IN CHILDREN (PRE SCHOOL) ARP ID : ARP_AYU000054 PubMed ID : NI Doi : No Reference Type : JOURNAL ARTICLE Body System : ENDOCRINE / METABOLIC AND NUTRITIONAL Disease : VITAMIN/NUTRITIONAL DEFICIENCY(ICPC-T91|ICD-E40, E41, E42, E43, E44, E45, E46, E50, E51.1, E51.8, E51.9, E52, E53, E54, E55, E56, E58, E59, E60, E61, E63, E64) Research Status : Published Work Sub Category : CLINICAL RESEARCH EVIDENCE GRADE C Journal : Journal Of Ayurveda"
ARP_AYU000055,"CLINICAL RESEARCH AYURVEDA Downloads: 0 ROLE OF AYURVEDA IN ESTROGEN DOMINANCE SYNDROME W.S.R. TO EXPERIMENTAL SURVEY ON ESTROGEN DOMINANCE ARP ID : ARP_AYU000055 PubMed ID : NI Doi : No Reference Type : JOURNAL ARTICLE Body System : FEMALE GENITAL SYSTEM INCLUDING BREAST Disease : GENITAL DISEASE FEMALE OTHER(ICPC-X99|ICD-A55, A57, A58, A63.8, N61, N64.1, N64.2, N64.8, N75, N80, N82, N83, N84.0, N84.2, N84.3, N84.8, N84.9, N85, N89.0, N89.1, N89.2, N89.3, N89.4, N89.5, N89.6, N89.7, N90.0, N90.1, N90.2, N90.3, N90.4, N90.5, N90.6, N90.7, N90.8, N94.8, N94.9, N96, N98, Z90.) Research Status : Published Work Sub Category : CLINICAL RESEARCH EVIDENCE GRADE C Journal : Journal Of Ayurveda"
ARP_AYU000056,"CLINICAL RESEARCH AYURVEDA Downloads: 0 CLINIACAL MANAGEMENT OF KASHTARTAVA BY HINGU THRIGUNATAILA ORALLY WITH & WITHOUT DILATION & CURETTAGE (D & C) ARP ID : ARP_AYU000056 PubMed ID : NI Doi : No Reference Type : JOURNAL ARTICLE Body System : FEMALE GENITAL SYSTEM INCLUDING BREAST Disease : PAIN AND OTHER CONDITIONS ASSOCIATED WITH FEMALE GENITAL ORGANS AND MENSTRUAL CYCLE (ICPC-X01,X02, X03, X04|ICD-N94.0,N94.1,N94.2,N94.4,N94.5,N94.6) Research Status : Published Work Sub Category : CLINICAL RESEARCH EVIDENCE GRADE C Journal : Journal Of Ayurveda"
ARP_AYU000058,"CLINICAL RESEARCH AYURVEDA Downloads: 0 CLINICAL EVALUATION AND EFFECT OF THE ROLE OF VEG-CURE COMPOUND (KALPIT) IN THE MANAGEMENT OF TRIDOSHAJA YONIVYAPADA W.S.R. TO BACTERIAL VAGINOSIS ARP ID : ARP_AYU000058 PubMed ID : NI Doi : No Reference Type : JOURNAL ARTICLE Body System : FEMALE GENITAL SYSTEM INCLUDING BREAST Disease : PELVIC INFLAMMATORY DISEASE(ICPC-X74|ICD-N70, N71, N73, N74) Research Status : Published Work Sub Category : CLINICAL RESEARCH EVIDENCE GRADE B Journal : Journal Of Ayurveda"
ARP_AYU000068,"CLINICAL RESEARCH AYURVEDA Downloads: 0 A CLINICAL STUDY ON THE ROLE OF AYURVEDIC HERBAL COMPOUND IN THE MANAGEMENT OF THE PREMATURE EJACULATION ARP ID : ARP_AYU000068 PubMed ID : NI Doi : No Reference Type : JOURNAL ARTICLE Body System : MALE GENITAL Disease : SEXUAL DESIRE REDUCED (ICPC-P07|ICD-F52.0, F52.1, F52.2, F52.3, F52.4) Research Status : Published Work Sub Category : CLINICAL RESEARCH EVIDENCE GRADE B Journal : Journal Of Ayurveda"
ARP_AYU000069,"CLINICAL RESEARCH AYURVEDA Downloads: 1 COMPARATIVE EFFICACY OF RAKTAMOKSHANA & KATIVASTI IN GRIDHRASI (W.S.R. TO SCIATICA) ARP ID : ARP_AYU000069 PubMed ID : NI Doi : No Reference Type : JOURNAL ARTICLE Body System : MUSCULOSKELETAL Disease : BACK SYNDROME WITH RADIATING PAIN(ICPC-L86|ICD-M47.1, M47.2, M51, M54.3, M54.4) Research Status : Published Work Sub Category : CLINICAL RESEARCH EVIDENCE GRADE B Journal : Journal Of Ayurveda"
ARP_AYU000070,"CLINICAL RESEARCH AYURVEDA Downloads: 0 CLINICAL EVALUATION OF EFFICACY OF KATI BASTI AND RASNADI GUGGULU IN THE MANAGEMENT OF KATISHOOLA (LUMBAGO) ARP ID : ARP_AYU000070 PubMed ID : NI Doi : No Reference Type : JOURNAL ARTICLE Body System : MUSCULOSKELETAL Disease : BACK SYNDROME WITH RADIATING PAIN(ICPC-L86|ICD-M47.1, M47.2, M51, M54.3, M54.4) Research Status : Published Work Sub Category : CLINICAL RESEARCH EVIDENCE GRADE C Journal : Journal Of Ayurveda"
ARP_AYU000071,"CLINICAL RESEARCH AYURVEDA Downloads: 0 JANUVASTI, ELECTROTHERAPY & TRACTION IN THE MANAGEMENT OF JANU SANDHIGATA VATA UNDER INFLUENCE OF TRAYODASHANG GUGGULU ARP ID : ARP_AYU000071 PubMed ID : NI Doi : No Reference Type : JOURNAL ARTICLE Body System : MUSCULOSKELETAL Disease : OSTEOARTHROSIS OF KNEE(ICPC-L90|ICD-M17) Research Status : Published Work Sub Category : CLINICAL RESEARCH EVIDENCE GRADE B Journal : Journal Of Ayurveda"
ARP_AYU000072,"CLINICAL RESEARCH AYURVEDA Downloads: 0 A CLINICAL STUDY ON EFFICACY OF KUMARIMAJJA AND HARIDRA ON EPISIOTOMY WOUND ARP ID : ARP_AYU000072 PubMed ID : NI Doi : No Reference Type : JOURNAL ARTICLE Body System : PREGNANCY, CHILDBEARING, FAMILY PLANNING Disease : EPISIOTOMY (ICPC-W92| ICD-O90.1) Research Status : Published Work Sub Category : CLINICAL RESEARCH EVIDENCE GRADE C Journal : Journal Of Ayurveda"
ARP_AYU000073,CLINICAL RESEARCH AYURVEDA Downloads: 0 CLINICAL STUDY OF AN AYURVEDIC COMPOUND & SHIRODHARA IN THE MANAGEMENT OF ATTENTION - DEFICIT / HYPERACTIVITY DISORDER (AD/HD) AFFECTED CHILDREN ARP ID : ARP_AYU000073 PubMed ID : NI Doi : No Reference Type : JOURNAL ARTICLE Body System : PSYCHOLOGICAL Disease : HYPERKINETIC DISORDER(ICPC-P81|ICD-F90) Research Status : Published Work Sub Category : CLINICAL RESEARCH EVIDENCE GRADE B Journal : Journal Of Ayurveda
ARP_AYU000075,"CLINICAL RESEARCH AYURVEDA Downloads: 0 CLINICAL EVALUATION OF ROLE OF HERBAL NEBULIZER IN THE MANAGEMENT OF BRONCHIAL ASTHMA W.S.R. TO TAMAKA-SHWASA ARP ID : ARP_AYU000075 PubMed ID : NI Doi : No Reference Type : JOURNAL ARTICLE Body System : RESPIRATORY Disease : ASTHMA(ICPC-R96|ICD-J45, J46) Research Status : Published Work Sub Category : CLINICAL RESEARCH EVIDENCE GRADE C Journal : Journal Of Ayurveda"
ARP_AYU000077,"CLINICAL RESEARCH AYURVEDA Downloads: 0 RANDOMISED CONTROLLED STUDY ON THE ROLE OF A HERBAL FORMULATION (TAB-CARDI CARE) AND BASTI TREATMENT IN THE MANAGEMENT OF CORONORY ARTERY DISEASE (HRADYA ROG) ARP ID : ARP_AYU000077 PubMed ID : NI Doi : No Reference Type : JOURNAL ARTICLE Body System : CIRCULATORY Disease : ISCHAEMIC HEART DIS WITHOUT ANGINA(ICPC-K76|ICD-I24, I25) Research Status : Published Work Sub Category : CLINICAL RESEARCH EVIDENCE GRADE C Journal : Journal Of Ayurveda"
ARP_AYU000078,"CLINICAL RESEARCH AYURVEDA Downloads: 0 ROLE OF SARVANGASAN IN MANAGEMENT OF KHALITYA ROGA ARP ID : ARP_AYU000078 PubMed ID : NI Doi : No Reference Type : JOURNAL ARTICLE Body System : SKIN Disease : HAIR LOSS/ BALDNESS (ICPC-S23|ICD -L63,L64,L65,L66) Research Status : Published Work Sub Category : CLINICAL RESEARCH EVIDENCE GRADE C Journal : Journal Of Ayurveda"
ARP_AYU000106,"CLINICAL RESEARCH AYURVEDA Downloads: 0 CLINICAL STUDY TO ASSESS THE ROLE OF AKSHITARPANA, SHIRODHARA AND AN AYURVEDIC COMPOUND IN CHILDHOOD COMPUTER VISION SYNDROME ARP ID : ARP_AYU000106 PubMed ID : NI Doi : No Reference Type : JOURNAL ARTICLE Body System : EYE Disease : COMPUTER VISION SYNDROME (ICD-H53.8) Research Status : Published Work Sub Category : CLINICAL RESEARCH EVIDENCE GRADE C Journal : Journal Of Ayurveda"
ARP_AYU000107,"CLINICAL RESEARCH AYURVEDA Downloads: 0 MANAGEMENT OF CERVICAL EROSION BY KSHARA KARMA ARP ID : ARP_AYU000107 PubMed ID : NI Doi : No Reference Type : JOURNAL ARTICLE Body System : FEMALE GENITAL SYSTEM INCLUDING BREAST Disease : CERVICAL DISEASE NOS(ICPC-X85|ICD-N72, N84.1, N86, N88) Research Status : Published Work Sub Category : CLINICAL RESEARCH EVIDENCE GRADE C Journal : Journal Of Ayurveda"
ARP_AYU000108,"CLINICAL RESEARCH AYURVEDA Downloads: 0 AYURVEDIC APPROACH FOR THE MANAGEMENT OF SECONDARY INFERTILITY ARP ID : ARP_AYU000108 PubMed ID : NI Doi : No Reference Type : JOURNAL ARTICLE Body System : FEMALE GENITAL SYSTEM INCLUDING BREAST Disease : FEMALE INFERTILITY/SUBFERTILITY (ICPC-W15|ICD-N97.0, N97.1, N97.2, N97.3, N97.4, N97.8, N97.9) Research Status : Published Work Sub Category : CLINICAL RESEARCH EVIDENCE GRADE C Journal : Journal Of Ayurveda"
ARP_AYU000110,"CLINICAL RESEARCH AYURVEDA Downloads: 0 COMPARATIVE STUDY ON THE EFFICACY OF DHATRI LAUHA AND GUDADI MANDOOR IN THE MANAGEMENT OF PANDU ROGA (IRON DEFICIENCY ANEMIA) IN CHILDREN ARP ID : ARP_AYU000110 PubMed ID : NI Doi : No Reference Type : JOURNAL ARTICLE Body System : BLOOD, BLOOD FORMING ORGANS AND IMMUNE MECHANISM Disease : IRON DEFICIENCY ANAEMIA(ICPC-B80|ICD-D50) Research Status : Published Work Sub Category : CLINICAL RESEARCH EVIDENCE GRADE C Journal : Journal Of Ayurveda"
ARP_AYU000111,"CLINICAL RESEARCH AYURVEDA Downloads: 0 CLINICAL EVALUATION OF TRIPHALA-GUGGULU & PANCHATIKTA-GHRITA UTTARA-BASTI (INTRAUTERINE) IN THE MANAGEMENT OF UTERINE FIBROID ARP ID : ARP_AYU000111 PubMed ID : NI Doi : No Reference Type : JOURNAL ARTICLE Body System : FEMALE GENITAL SYSTEM INCLUDING BREAST Disease : GENITAL NEOPL FEMALE OTHER/UNSPECIF(ICPC-X81|ICD-D05, D07.0, D07.1, D07.2, D07.3, D39, D48.6) Research Status : Published Work Sub Category : CLINICAL RESEARCH EVIDENCE GRADE C Journal : Journal Of Ayurveda"
ARP_AYU000112,CLINICAL RESEARCH AYURVEDA Downloads: 1 THE COMPARATIVE STUDY BETWEEN KASISADI TAIL ABHYANG AND BARRONS BAND LIGATION IN THE MANAGEMENT OF ABHYANTAR ARSH (INTERNAL HAEMORRHOIDS) ARP ID : ARP_AYU000112 PubMed ID : NI Doi : No Reference Type : JOURNAL ARTICLE Body System : DIGESTIVE Disease : HAEMORRHOIDS(ICD-K64.8) Research Status : Published Work Sub Category : CLINICAL RESEARCH EVIDENCE GRADE C Journal : Journal Of Ayurveda
ARP_AYU000113,"CLINICAL RESEARCH AYURVEDA Downloads: 0 A CLINICAL STUDY TO EVALUATE THE EFFICACY OF KANYALAUHADI VATI AND MANJISTHA CHURNA IN THE TREATMENT OF KASHTARTAVA (DYSMENORRHOEA) ARP ID : ARP_AYU000113 PubMed ID : NI Doi : No Reference Type : JOURNAL ARTICLE Body System : FEMALE GENITAL SYSTEM INCLUDING BREAST Disease : PAIN AND OTHER CONDITIONS ASSOCIATED WITH FEMALE GENITAL ORGANS AND MENSTRUAL CYCLE (ICPC-X01,X02, X03, X04|ICD-N94.0,N94.1,N94.2,N94.4,N94.5,N94.6) Research Status : Published Work Sub Category : CLINICAL RESEARCH EVIDENCE GRADE C Journal : Journal Of Ayurveda"
ARP_AYU000114,CLINICAL RESEARCH AYURVEDA Downloads: 0 AN EPIDEMIOLOGICAL SURVEY OF HYPERTENSION (VYANVIKRITI) AND UPASHAYATMAKA EFFECT OF VYAN VIKRITIHARA GHAN VATI (KALPIT YOG) ARP ID : ARP_AYU000114 PubMed ID : NI Doi : No Reference Type : JOURNAL ARTICLE Body System : CIRCULATORY Disease : HYPERTENSION UNCOMPLICATED(ICPC-K86|ICD-I10) Research Status : Published Work Sub Category : CLINICAL RESEARCH EVIDENCE GRADE C Journal : Journal Of Ayurveda
ARP_AYU000115,CLINICAL RESEARCH AYURVEDA Downloads: 0 A STUDY OF ANTIHYPERTENSIVE ACTION OF DADHIMANTH HOOK (CORDIA MACLEODII.F. AND THOMSON.) ARP ID : ARP_AYU000115 PubMed ID : NI Doi : No Reference Type : JOURNAL ARTICLE Body System : CIRCULATORY Disease : HYPERTENSION UNCOMPLICATED(ICPC-K86|ICD-I10) Research Status : Published Work Sub Category : CLINICAL RESEARCH EVIDENCE GRADE C Journal : Journal Of Ayurveda
ARP_AYU000116,"CLINICAL RESEARCH AYURVEDA Downloads: 0 ASHWAGANDHA AN IMMUNOMODULATOR DRUG ARP ID : ARP_AYU000116 PubMed ID : NI Doi : No Reference Type : JOURNAL ARTICLE Body System : GENERAL/UNSPECIFIED Disease : HEALTH MAINT/PREVENTIVE MEDICINE(ICPC-A98|ICD-Z01, Z10, Z11, Z12, Z13, Z40, Z70) Research Status : Published Work Sub Category : CLINICAL RESEARCH EVIDENCE GRADE C Journal : Journal Of Ayurveda"
ARP_AYU000117,"CLINICAL RESEARCH AYURVEDA Downloads: 0 CLINICAL EVALUATION OF THE ROLE OF HRIDAYARNAVA RASA AND HARITAKYADI CHURNA IN THE MANAGEMENT OF ISCHAEMIC HEART DISEASE (HRIDROGA) ARP ID : ARP_AYU000117 PubMed ID : NI Doi : No Reference Type : JOURNAL ARTICLE Body System : CIRCULATORY Disease : ISCHAEMIC HEART DIS WITH ANGINA(ICPC-K74|ICD-I20, I24) Research Status : Published Work Sub Category : CLINICAL RESEARCH EVIDENCE GRADE C Journal : Journal Of Ayurveda"
ARP_AYU000118,"CLINICAL RESEARCH AYURVEDA Downloads: 0 CLINICAL EVALUATION OF AN AYURVEDIC COMPOUND AS MEMORY BOOSTER IN SCHOOL GOING CHILDREN ARP ID : ARP_AYU000118 PubMed ID : NI Doi : No Reference Type : JOURNAL ARTICLE Body System : GENERAL/UNSPECIFIED Disease : HEALTH MAINT/PREVENTIVE MEDICINE(ICPC-A98|ICD-Z01, Z10, Z11, Z12, Z13, Z40, Z70) Research Status : Published Work Sub Category : CLINICAL RESEARCH EVIDENCE GRADE C Journal : Journal Of Ayurveda"
ARP_AYU000119,"CLINICAL RESEARCH AYURVEDA Downloads: 0 THE EFFICACY OF PUNARNAVADI TAILA MATRA BASTI IN THE MANAGEMENT OF VATAJA HRIDROGA ARP ID : ARP_AYU000119 PubMed ID : NI Doi : No Reference Type : JOURNAL ARTICLE Body System : CIRCULATORY Disease : ISCHAEMIC HEART DIS WITH ANGINA(ICPC-K74|ICD-I20, I24) Research Status : Published Work Sub Category : CLINICAL RESEARCH EVIDENCE GRADE C Journal : Journal Of Ayurveda"
ARP_AYU000120,"CLINICAL RESEARCH AYURVEDA Downloads: 0 MANAGEMENT OF STABLE ANGINA WITH HERBAL FORMULATION LASHUNADI GUGGULU ARP ID : ARP_AYU000120 PubMed ID : NI Doi : No Reference Type : JOURNAL ARTICLE Body System : CIRCULATORY Disease : ISCHAEMIC HEART DIS WITHOUT ANGINA(ICPC-K76|ICD-I24, I25) Research Status : Published Work Sub Category : CLINICAL RESEARCH EVIDENCE GRADE C Journal : Journal Of Ayurveda"
ARP_AYU000121,"CLINICAL RESEARCH AYURVEDA Downloads: 0 A STUDY ON THE ANTI-AGEING EFFECT OF MANDUKAPARNI (CENTELLA ASIATICA LINN.) ON SKIN ARP ID : ARP_AYU000121 PubMed ID : NI Doi : No Reference Type : JOURNAL ARTICLE Body System : GENERAL/UNSPECIFIED Disease : HEALTH MAINT/PREVENTIVE MEDICINE(ICPC-A98|ICD-Z01, Z10, Z11, Z12, Z13, Z40, Z70) Research Status : Published Work Sub Category : CLINICAL RESEARCH EVIDENCE GRADE C Journal : Journal Of Ayurveda"
ARP_AYU000122,"CLINICAL RESEARCH AYURVEDA Downloads: 0 A CLINICAL STUDY ON TRIPHALA KWATHA GANDUSHA TO PREVENT DANTAMULAGATA ROGA W.S.R. TO PERIODONTAL DISEASES AS ORAL MANIFESTATIONS IN MADHUMEHA (DIABETES MELLITUS). ARP ID : ARP_AYU000122 PubMed ID : NI Doi : No Reference Type : JOURNAL ARTICLE Body System : ENDOCRINE / METABOLIC AND NUTRITIONAL Disease : DIABETES NON-INSULIN DEPENDENT(ICPC-T90|ICD-E11, E12, E13, E14) Research Status : Published Work Sub Category : CLINICAL RESEARCH EVIDENCE GRADE C Journal : Journal Of Ayurveda"
ARP_AYU000123,CLINICAL RESEARCH AYURVEDA Downloads: 0 EFFECTIVE TREATMENT OF ALCOHOL WITHDRAWAL SYNDROME IN AYURVEDA. ARP ID : ARP_AYU000123 PubMed ID : NI Doi : No Reference Type : JOURNAL ARTICLE Body System : PSYCHOLOGICAL Disease : ALCOHOL WITHDRAWAL SYNDROME (ICD-F10.3) Research Status : Published Work Sub Category : CLINICAL RESEARCH EVIDENCE GRADE C Journal : Journal Of Ayurveda
ARP_AYU000124,"CLINICAL RESEARCH AYURVEDA Downloads: 0 ETIOPATHOLOGICAL STUDY OF KAMALA (JAURIDICE) W.S.R. TO KOSHTHASHAKHASHRITA KAMALA (HEPATO-CELLULAR JAUNDICE) AND UPASHAYATMAKA STUDY OF NAVAYAS CHURNA ARP ID : ARP_AYU000124 PubMed ID : NI Doi : No Reference Type : JOURNAL ARTICLE Body System : DIGESTIVE Disease : LIVER DISEASE NOS(ICPC-D97|ICD-B58.1, B94.2, K70, K71, K72, K73, K74, K75, K76, K77) Research Status : Published Work Sub Category : CLINICAL RESEARCH EVIDENCE GRADE C Journal : Journal Of Ayurveda"
ARP_AYU000125,"CLINICAL RESEARCH AYURVEDA Downloads: 1 A CLINICAL STUDY ON THE EFFICACY OF A HERBAL FORMULATION IN MADHUMEHA (DIABETES MELLITUS) W.S.R. TO ITS HYPOGLYCAEMIC EFFECT ARP ID : ARP_AYU000125 PubMed ID : NI Doi : No Reference Type : JOURNAL ARTICLE Body System : ENDOCRINE / METABOLIC AND NUTRITIONAL Disease : DIABETES NON-INSULIN DEPENDENT(ICPC-T90|ICD-E11, E12, E13, E14) Research Status : Published Work Sub Category : CLINICAL RESEARCH EVIDENCE GRADE C Journal : Journal Of Ayurveda"
ARP_AYU000126,"CLINICAL RESEARCH AYURVEDA Downloads: 0 PILOT STUDY TO COMPARE TWO INDIGENIOUS DRUGS IN TYPE-II DIABETES MELLITUS W.S.R. MADHUMEHA ARP ID : ARP_AYU000126 PubMed ID : NI Doi : No Reference Type : JOURNAL ARTICLE Body System : ENDOCRINE / METABOLIC AND NUTRITIONAL Disease : DIABETES NON-INSULIN DEPENDENT(ICPC-T90|ICD-E11, E12, E13, E14) Research Status : Published Work Sub Category : CLINICAL RESEARCH EVIDENCE GRADE C Journal : Journal Of Ayurveda"
ARP_AYU000127,"CLINICAL RESEARCH AYURVEDA Downloads: 0 EVALUATION AND EFFECT OF ELADI GUTIKA WITH SPECIAL REFERENCE TO VRISHYA ARP ID : ARP_AYU000127 PubMed ID : NI Doi : No Reference Type : JOURNAL ARTICLE Body System : MALE GENITAL Disease : GENITAL DISEASE MALE OTHER(ICPC-Y99|ICD-A55, A57, A58, A63.8, N42.0, N42.1, N42.2, N42.8, N42.9, N43.4, N44, N48.0, N48.2, N48.5, N48.6, N48.8, N49.1, N49.2, N49.8, N49.9, N50.0, N50.1, N50.8, N50.9, N51, N64.8, Z90.7) Research Status : Published Work Sub Category : CLINICAL RESEARCH EVIDENCE GRADE C Journal : Journal Of Ayurveda"
ARP_AYU000128,CLINICAL RESEARCH AYURVEDA Downloads: 0 A STUDY ON ETIOPATHOGENESIS OF POLY CYSTIC OVARIAN SYNDROME AND EVALUATE EFFICACY OF HERBOMINERAL COMPOUND AND PANCHGAVYA GHRIT (UTTAR BASTI) ARP ID : ARP_AYU000128 PubMed ID : NI Doi : No Reference Type : JOURNAL ARTICLE Body System : ENDOCRINE / METABOLIC AND NUTRITIONAL Disease : PCOS(ICD-E28.2) Research Status : Published Work Sub Category : CLINICAL RESEARCH EVIDENCE GRADE C Journal : Journal Of Ayurveda
ARP_AYU000129,"CLINICAL RESEARCH AYURVEDA Downloads: 0 AN INDIGENOUS APPROACH TO MANAGE THE CHRONIC OSTEOMYELITIS (A PILOT STUDY) ARP ID : ARP_AYU000129 PubMed ID : NI Doi : No Reference Type : JOURNAL ARTICLE Body System : MUSCULOSKELETAL Disease : INFECTIONS OF MUSCULOSKELETAL SYSTEM(ICPC-L70|ICD-M00, M01, M46.2, M46.3, M46.4, M46.5, M60.0, M65.0, M65.1, M71.0, M71.1, M86) Research Status : Published Work Sub Category : CLINICAL RESEARCH EVIDENCE GRADE C Journal : Journal Of Ayurveda"
ARP_AYU000130,"CLINICAL RESEARCH AYURVEDA Downloads: 0 SHIRODHARA-PILOT OBSERVATIONS IN ANIDRA (INSOMNIA) ARP ID : ARP_AYU000130 PubMed ID : NI Doi : No Reference Type : JOURNAL ARTICLE Body System : PSYCHOLOGICAL Disease : SLEEP DISTURBANCE (ICPC - P06|ICD-G47.0, F51) Research Status : Published Work Sub Category : CLINICAL RESEARCH EVIDENCE GRADE C Journal : Journal Of Ayurveda"
ARP_AYU000131,CLINICAL RESEARCH AYURVEDA Downloads: 0 AYURVEDIC PERSPECTIVE OF POLYCYSTIC OVARIAN SYNDROME -A CLINICAL STUDY ARP ID : ARP_AYU000131 PubMed ID : NI Doi : No Reference Type : JOURNAL ARTICLE Body System : ENDOCRINE / METABOLIC AND NUTRITIONAL Disease : PCOS(ICD-E28.2) Research Status : Published Work Sub Category : CLINICAL RESEARCH EVIDENCE GRADE C Journal : Journal Of Ayurveda
ARP_AYU000132,"CLINICAL RESEARCH AYURVEDA Downloads: 0 A CLINICAL STUDY OF MATRA BASTI & KATI BASTI IN THE MANEGEMENT OF GRIDHRASI W.S.R.TO SCIATICA ARP ID : ARP_AYU000132 PubMed ID : NI Doi : No Reference Type : JOURNAL ARTICLE Body System : MUSCULOSKELETAL Disease : BACK SYNDROME WITH RADIATING PAIN(ICPC-L86|ICD-M47.1, M47.2, M51, M54.3, M54.4) Research Status : Published Work Sub Category : CLINICAL RESEARCH EVIDENCE GRADE C Journal : Journal Of Ayurveda"
ARP_AYU000133,CLINICAL RESEARCH AYURVEDA Downloads: 0 PHARMACOLOGICAL STUDY OF CREAM BASED AND CURD BASED GO-GHRITA WITH SPECIAL REFERENCE TO LIPID PROFILE ARP ID : ARP_AYU000133 PubMed ID : NI Doi : No Reference Type : JOURNAL ARTICLE Body System : ENDOCRINE / METABOLIC AND NUTRITIONAL Disease : LIPID DISORDER(ICPC-T93|ICD-E78) Research Status : Published Work Sub Category : CLINICAL RESEARCH EVIDENCE GRADE C Journal : Journal Of Ayurveda
ARP_AYU000134,"CLINICAL RESEARCH AYURVEDA Downloads: 0 THE EFFICACY OF NAGAR CHURNA WITH ANUPANA KANJI IN AMAVATA ARP ID : ARP_AYU000134 PubMed ID : NI Doi : No Reference Type : JOURNAL ARTICLE Body System : MUSCULOSKELETAL Disease : RHEUMATOID/SEROPOSITIVE ARTHRITIS(ICPC-L88|ICD-M05, M06, M08, M45) Research Status : Published Work Sub Category : CLINICAL RESEARCH EVIDENCE GRADE C Journal : Journal Of Ayurveda"
ARP_AYU000135,CLINICAL RESEARCH AYURVEDA Downloads: 0 CLINICAL EVALUATION OF THE ROLE OF DIFFERENT MEDOGHNA REGIME (KALPIT YOGA LEKHANA BASTI VIRECHANA) IN THE MANAGEMENT OF STHAULYA W.S.R TO DYSLIPIDAEMIA ARP ID : ARP_AYU000135 PubMed ID : NI Doi : No Reference Type : JOURNAL ARTICLE Body System : ENDOCRINE / METABOLIC AND NUTRITIONAL Disease : LIPID DISORDER(ICPC-T93|ICD-E78) Research Status : Published Work Sub Category : CLINICAL RESEARCH EVIDENCE GRADE C Journal : Journal Of Ayurveda
ARP_AYU000136,"CLINICAL RESEARCH AYURVEDA Downloads: 0 A CLINICAL STUDY ON ANIDRA AND IT'S MANAGEMENT WITH SHIRODHARA AND MANSYADI KWATHA ARP ID : ARP_AYU000136 PubMed ID : NI Doi : No Reference Type : JOURNAL ARTICLE Body System : PSYCHOLOGICAL Disease : SLEEP DISTURBANCE (ICPC - P06|ICD-G47.0, F51) Research Status : Published Work Sub Category : CLINICAL RESEARCH EVIDENCE GRADE C Journal : Journal Of Ayurveda"
ARP_AYU000137,CLINICAL RESEARCH AYURVEDA Downloads: 0 CLINICAL EVALUATION OF THE ROLE OF A HERBAL COMPOUND FORMULATION IN THE MANAGEMENT OF HYPERLIPIDAEMIA W.S.R. TO MEDO DHATU DUSTI ARP ID : ARP_AYU000137 PubMed ID : NI Doi : No Reference Type : JOURNAL ARTICLE Body System : ENDOCRINE / METABOLIC AND NUTRITIONAL Disease : LIPID DISORDER(ICPC-T93|ICD-E78) Research Status : Published Work Sub Category : CLINICAL RESEARCH EVIDENCE GRADE C Journal : Journal Of Ayurveda
ARP_AYU000138,CLINICAL RESEARCH AYURVEDA Downloads: 0 CLINICAL STUDY ON THE EFFECT OF MOORCHITA TILA TAILA SHAMANA SNEHA AND NAVAKA GUGGULU IN HYPERLIPIDEMIA-A COMPARATIVE STUDY ARP ID : ARP_AYU000138 PubMed ID : NI Doi : No Reference Type : JOURNAL ARTICLE Body System : ENDOCRINE / METABOLIC AND NUTRITIONAL Disease : LIPID DISORDER(ICPC-T93|ICD-E78) Research Status : Published Work Sub Category : CLINICAL RESEARCH EVIDENCE GRADE C Journal : Journal Of Ayurveda
ARP_AYU000142,CLINICAL RESEARCH AYURVEDA Downloads: 0 THE COMPARATIVE CLINICAL STUDY OF SHATAPUSHPA CHURNA AND TILSHELUKARVI KWATHA ON ARTAVAKSHAYA. ARP ID : ARP_AYU000142 PubMed ID : NI Doi : No Reference Type : JOURNAL ARTICLE Body System : FEMALE GENITAL SYSTEM INCLUDING BREAST Disease : MENSTRUATION ABSENT/ SCANTY (ICPC-X05|ICD-N91) Research Status : Published Work Sub Category : CLINICAL RESEARCH EVIDENCE GRADE C Journal : Journal Of Ayurveda
ARP_AYU000143,"CLINICAL RESEARCH AYURVEDA Downloads: 0 A CLINICAL STUDY ON FUNCTIONAL ASPECT OF SROTOMOOLA W.S.R. TO ARP ID : ARP_AYU000143 PubMed ID : NI Doi : No Reference Type : JOURNAL ARTICLE Body System : GENERAL/UNSPECIFIED Disease : HEALTH MAINT/PREVENTIVE MEDICINE(ICPC-A98|ICD-Z01, Z10, Z11, Z12, Z13, Z40, Z70) Research Status : Published Work Sub Category : CLINICAL RESEARCH EVIDENCE GRADE B Journal : Journal Of Ayurveda"
ARP_AYU000144,"CLINICAL RESEARCH AYURVEDA Downloads: 0 EFFICACY OF AN AYURVEDA COMPOUND IN THE MANAGEMENT OF IRON DEFICIENCY ANAEMIA: A RANDOMIZED CONTROLLED TRIAL. ARP ID : ARP_AYU000144 PubMed ID : NI Doi : No Reference Type : JOURNAL ARTICLE Body System : BLOOD, BLOOD FORMING ORGANS AND IMMUNE MECHANISM Disease : IRON DEFICIENCY ANAEMIA(ICPC-B80|ICD-D50) Research Status : Published Work Sub Category : CLINICAL RESEARCH EVIDENCE GRADE B Journal : Journal Of Ayurveda"
ARP_AYU000146,"CLINICAL RESEARCH AYURVEDA Downloads: 0 A RANDOMIZED CONTROL TRIAL OF BRAHMI GRITHA IN APASMARA W.R.T GENERALIZED TONIC CLONIC SEIZURES ARP ID : ARP_AYU000146 PubMed ID : NI Doi : No Reference Type : JOURNAL ARTICLE Body System : NEUROLOGICAL Disease : EPILEPSY(ICPC-N88|ICD-G40, G41) Research Status : Published Work Sub Category : CLINICAL RESEARCH EVIDENCE GRADE C Journal : Journal Of Ayurveda"
ARP_AYU000147,"CLINICAL RESEARCH AYURVEDA Downloads: 0 COMPARATIVE STUDY ON SHIROBASTI & NASYA IN THE MANAGEMENT OF ARDIT ARP ID : ARP_AYU000147 PubMed ID : NI Doi : No Reference Type : JOURNAL ARTICLE Body System : NEUROLOGICAL Disease : FACIAL PARALYSIS/BELL'S PALSY(ICPC-N91|ICD-G51, G53) Research Status : Published Work Sub Category : CLINICAL RESEARCH EVIDENCE GRADE C Journal : Journal Of Ayurveda"
ARP_AYU000148,"CLINICAL RESEARCH AYURVEDA Downloads: 0 EVALUATION OF ANXIETY IN DIFFERENT DEHAPRAKRITI (BODY CONSTITUTION) & EFFECT OF TINOSPORA CORDIFOLIA (GUDUCHI) ARP ID : ARP_AYU000148 PubMed ID : NI Doi : No Reference Type : JOURNAL ARTICLE Body System : PSYCHOLOGICAL Disease : ANXIETY DISORDER/ANXIETY STATE(ICPC-P74|ICD-F41.0, F41.1, F41.3, F41.8, F41.9) Research Status : Published Work Sub Category : CLINICAL RESEARCH EVIDENCE GRADE C Journal : Journal Of Ayurveda"
ARP_AYU000149,"CLINICAL RESEARCH AYURVEDA Downloads: 0 A COMPRETIVE STUDY ON THE EFFECT OF AVASADAHARA YOGA (KALPIT) AND PSYCHOTHERAPY IN THE MANAGEMENT OF DEPRESSION ARP ID : ARP_AYU000149 PubMed ID : NI Doi : No Reference Type : JOURNAL ARTICLE Body System : PSYCHOLOGICAL Disease : DEPRESSIVE DISORDER(ICPC-P76|ICD-F32, F33, F34.1, F34.8, F34.9, F38, F39, F41.2, F53.0) Research Status : Published Work Sub Category : CLINICAL RESEARCH EVIDENCE GRADE C Journal : Journal Of Ayurveda"
ARP_AYU000150,"CLINICAL RESEARCH AYURVEDA Downloads: 0 DASHMOOLA SIDDHA KSHEER SHIRODHARA IN THE MANAGEMENT OF ANIDRA W.S.R. TO INSOMNIA ARP ID : ARP_AYU000150 PubMed ID : NI Doi : No Reference Type : JOURNAL ARTICLE Body System : PSYCHOLOGICAL Disease : SLEEP DISTURBANCE (ICPC - P06|ICD-G47.0, F51) Research Status : Published Work Sub Category : CLINICAL RESEARCH EVIDENCE GRADE C Journal : Journal Of Ayurveda"
ARP_AYU000151,"CLINICAL RESEARCH AYURVEDA Downloads: 0 A CLINICAL COMPARATIVE STUDY TO EVALUATE THE EFFICACY OF SHIRISHADI SYRUP AND AN ESTABLISHED AYURVEDIC MARKETED PREPARATION IN THE MANAGEMENT OF RESPIRATORY ALLERGIC DISORDERS IN CHILDREN. ARP ID : ARP_AYU000151 PubMed ID : NI Doi : No Reference Type : JOURNAL ARTICLE Body System : RESPIRATORY Disease : RESPIRATORY DISEASE OTHER(ICPC-R99|ICD-J33, J34.1, J34.2, J34.3, J34.8, J38, J39, J47, J60, J61, J62, J63, J64, J65, J66, J67, J68, J69, J70, J80, J81, J82, J84, J92, J93, J96, J98, J99, Z90.2, Z94.2, Z94.3) Research Status : Published Work Sub Category : CLINICAL RESEARCH EVIDENCE GRADE C Journal : Journal Of Ayurveda"
ARP_AYU000152,"CLINICAL RESEARCH AYURVEDA Downloads: 0 CLINICAL EVALUATION OF EFFICACY OF MADHURA AUSHADHA SIDDHATAILA MATRAVASTI AND YONIPICHU IN SUKHAPRASAVA. ARP ID : ARP_AYU000152 PubMed ID : NI Doi : No Reference Type : JOURNAL ARTICLE Body System : PREGNANCY, CHILDBEARING, FAMILY PLANNING Disease : LABOUR PROCESS (ICD-O34.3) Research Status : Published Work Sub Category : CLINICAL RESEARCH EVIDENCE GRADE C Journal : Journal Of Ayurveda"
ARP_AYU000153,"CLINICAL RESEARCH AYURVEDA Downloads: 0 A COMPARATIVE STUDY OF BHASTRIKA YOGIC KRIYA AND JATAMANSI GHANA VATI IN THE MANAGEMENT OF INSOMNIA ARP ID : ARP_AYU000153 PubMed ID : NI Doi : No Reference Type : JOURNAL ARTICLE Body System : PSYCHOLOGICAL Disease : SLEEP DISTURBANCE (ICPC - P06|ICD-G47.0, F51) Research Status : Published Work Sub Category : CLINICAL RESEARCH EVIDENCE GRADE C Journal : Journal Of Ayurveda"
ARP_AYU000154,"CLINICAL RESEARCH AYURVEDA Downloads: 0 EFFECT OF SWASA KUTHARA RASA IN THE TREATMENT OF TAMAKA SWASA ARP ID : ARP_AYU000154 PubMed ID : NI Doi : No Reference Type : JOURNAL ARTICLE Body System : RESPIRATORY Disease : ASTHMA(ICPC-R96|ICD-J45, J46) Research Status : Published Work Sub Category : CLINICAL RESEARCH EVIDENCE GRADE C Journal : Journal Of Ayurveda"
ARP_AYU000155,"CLINICAL RESEARCH AYURVEDA Downloads: 0 A LIFE STYLE DISORDER- TAMAKASHWASA (BRONCHIAL ASTHMA) AND ITS MANAGEMENT BY DIFFERENT FORMULATIONS OF TULSI ARP ID : ARP_AYU000155 PubMed ID : NI Doi : No Reference Type : JOURNAL ARTICLE Body System : RESPIRATORY Disease : ASTHMA(ICPC-R96|ICD-J45, J46) Research Status : Published Work Sub Category : CLINICAL RESEARCH EVIDENCE GRADE C Journal : Journal Of Ayurveda"
ARP_AYU000156,"CLINICAL RESEARCH AYURVEDA Downloads: 0 EVALUATION OF THERAPEUTIC EFFECT OF CHITRAKADI AVALEHA IN THE MANAGEMENT OF BRONCHIAL ASTHMA W.S.R TO TAMAKA SHWASA ARP ID : ARP_AYU000156 PubMed ID : NI Doi : No Reference Type : JOURNAL ARTICLE Body System : RESPIRATORY Disease : ASTHMA(ICPC-R96|ICD-J45, J46) Research Status : Published Work Sub Category : CLINICAL RESEARCH EVIDENCE GRADE C Journal : Journal Of Ayurveda"
ARP_AYU000157,"CLINICAL RESEARCH AYURVEDA Downloads: 0 CLINICAL STUDY ON THE EFFICACY OF AKSHADI YOG & PRATIMARSHA NASYA IN THE MANAGEMENT OF RECURRENT UPPER RESPIRATORY TRACT INFECTION IN CHILDREN ARP ID : ARP_AYU000157 PubMed ID : NI Doi : No Reference Type : JOURNAL ARTICLE Body System : RESPIRATORY Disease : CHRONIC BRONCHITIS(ICPC-R79|ICD-J41, J42) Research Status : Published Work Sub Category : CLINICAL RESEARCH EVIDENCE GRADE C Journal : Journal Of Ayurveda"
ARP_AYU000159,"CLINICAL RESEARCH AYURVEDA Downloads: 0 A COMPARATIVE STUDY OF JALA NETI AND CHITRAKA HARITAKI AVALEHA IN JIRNA PRATISHYAYA ARP ID : ARP_AYU000159 PubMed ID : NI Doi : No Reference Type : JOURNAL ARTICLE Body System : RESPIRATORY Disease : SINUSITIS ACUTE/CHRONIC(ICPC-R75|ICD-J01, J32) Research Status : Published Work Sub Category : CLINICAL RESEARCH EVIDENCE GRADE C Journal : Journal Of Ayurveda"
ARP_AYU000160,CLINICAL RESEARCH AYURVEDA Downloads: 0 INTRODUCTION OF ARJUN GUGGULU AND GUGULU KSHAR SUTRA IN THE PATIENTS OF FISTULA-IN-ANO WITH HYPERLIPIDIMIA AND ATHEROMATOUS HEART DISEASE ARP ID : ARP_AYU000160 PubMed ID : NI Doi : No Reference Type : JOURNAL ARTICLE Body System : SKIN Disease : PILONIDAL CYST/FISTULA(ICPC-S85|ICD-L05) Research Status : Published Work Sub Category : CLINICAL RESEARCH EVIDENCE GRADE C Journal : Journal Of Ayurveda
ARP_AYU000161,CLINICAL RESEARCH AYURVEDA Downloads: 0 A CLINICAL STUDY TO EVALUATE THE EFFICACY OF LEECH THERAPY AND PANCHATIKTA GHRITA IN THE MANAGEMENT OF PSORIASIS ARP ID : ARP_AYU000161 PubMed ID : NI Doi : No Reference Type : JOURNAL ARTICLE Body System : SKIN Disease : PSORIASIS(ICPC-S91|ICD-L40) Research Status : Published Work Sub Category : CLINICAL RESEARCH EVIDENCE GRADE C Journal : Journal Of Ayurveda
ARP_AYU000162,"CLINICAL RESEARCH AYURVEDA Downloads: 1 CLINICAL EVALUATION OF THE ROLE OF SHWADANSTRADI GHANA VATI IN THE MANAGEMENT OF UROLITHIASIS (MUTRASHMARI) ARP ID : ARP_AYU000162 PubMed ID : NI Doi : No Reference Type : JOURNAL ARTICLE Body System : URINARY SYSTEM Disease : URINARY CALCULUS(ICPC-U95|ICD-N20, N21, N22) Research Status : Published Work Sub Category : CLINICAL RESEARCH EVIDENCE GRADE C Journal : Journal Of Ayurveda"
ARP_AYU000164,"CLINICAL RESEARCH AYURVEDA Downloads: 0 CHIKITSYAVISHAGHNYAIVA SA SHAMAM LABHATE NARAH (C. CHI. 3/118) AN ASSESSMENT OF IMMUNO-MODULATORY EFFECTS OF VISHAGNA MAHAKASHAYA IN THE PATIENTS OF ANURJATAJANYA TAMAKA SHVASA (ALLERGIC ASTHMA). ARP ID : ARP_AYU000164 PubMed ID : NI Doi : No Reference Type : JOURNAL ARTICLE Body System : RESPIRATORY Disease : ASTHMA(ICPC-R96|ICD-J45, J46) Research Status : Published Work Sub Category : CLINICAL RESEARCH EVIDENCE GRADE B Journal : Journal Of Ayurveda"
ARP_AYU000165,CLINICAL RESEARCH AYURVEDA Downloads: 0 ROLE OF ARKAVATI IN THE MANAGEMENT OF AGNIMANDYA ARP ID : ARP_AYU000165 PubMed ID : NI Doi : No Reference Type : JOURNAL ARTICLE Body System : DIGESTIVE Disease : FLATULENCE/GAS/BELCHING (ICPC-D08| ICD-R14) Research Status : Published Work Sub Category : CLINICAL RESEARCH EVIDENCE GRADE C Journal : Journal Of Ayurveda
ARP_AYU000166,"CLINICAL RESEARCH AYURVEDA Downloads: 0 THE CLINICAL STUDY TO EVALUATE EFFICACY OF PANCHATIKTA GHANA VATI & MUSTADI KWATHA IN THE MANAGEMENT OF MADHUMEHA W.S.R. TO DIABETES MELLITUS ARP ID : ARP_AYU000166 PubMed ID : NI Doi : No Reference Type : JOURNAL ARTICLE Body System : ENDOCRINE / METABOLIC AND NUTRITIONAL Disease : DIABETES NON-INSULIN DEPENDENT(ICPC-T90|ICD-E11, E12, E13, E14) Research Status : Published Work Sub Category : CLINICAL RESEARCH EVIDENCE GRADE C Journal : Journal Of Ayurveda"
ARP_AYU000167,CLINICAL RESEARCH AYURVEDA Downloads: 0 A STUDY ON THE EFFICACY OF VYOSHADI SAKTU AND SURYA-NAMASKAR W.S.R. TO NINDITA PURUSH. (STHAULYA) ARP ID : ARP_AYU000167 PubMed ID : NI Doi : No Reference Type : JOURNAL ARTICLE Body System : ENDOCRINE / METABOLIC AND NUTRITIONAL Disease : OBESITY(ICPC-T82|ICD-E66) Research Status : Published Work Sub Category : CLINICAL RESEARCH EVIDENCE GRADE C Journal : Journal Of Ayurveda
ARP_AYU000168,CLINICAL RESEARCH AYURVEDA Downloads: 0 THE ROLE OF KRISHNABOLA IN THE MANAGEMENT OF ANIYAMIT RAJAH PRAURITT (IRREGULAR MENSTRUATION) W.S.R.APANVAYU VIKRITI ARP ID : ARP_AYU000168 PubMed ID : NI Doi : No Reference Type : JOURNAL ARTICLE Body System : FEMALE GENITAL SYSTEM INCLUDING BREAST Disease : MENSTRUATION ABSENT/ SCANTY (ICPC-X05|ICD-N91) Research Status : Published Work Sub Category : CLINICAL RESEARCH EVIDENCE GRADE C Journal : Journal Of Ayurveda
ARP_AYU000169,"CLINICAL RESEARCH AYURVEDA Downloads: 0 A CLINICAL STUDY OF EFFICACY OF ASHWAGANDHADI GHRITA & HITAKARA AHARA IN PHYSICAL STRENGTH ARP ID : ARP_AYU000169 PubMed ID : NI Doi : No Reference Type : JOURNAL ARTICLE Body System : GENERAL/UNSPECIFIED Disease : HEALTH MAINT/PREVENTIVE MEDICINE(ICPC-A98|ICD-Z01, Z10, Z11, Z12, Z13, Z40, Z70) Research Status : Published Work Sub Category : CLINICAL RESEARCH EVIDENCE GRADE C Journal : Journal Of Ayurveda"
ARP_AYU000170,CLINICAL RESEARCH AYURVEDA Downloads: 0 A CLINICAL EVALUATION OF SAFETY AND EFFICACY OF TRIPHALADI KWATHA AND KARANJADI LEPA IN THE MANAGEMENT OF VICHARCHIKIA (NEURO DERMATITIS). ARP ID : ARP_AYU000170 PubMed ID : NI Doi : No Reference Type : JOURNAL ARTICLE Body System : SKIN Disease : DERMATITIS/ATOPIC ECZEMA(ICPC-S87|ICD-L20) Research Status : Published Work Sub Category : CLINICAL RESEARCH EVIDENCE GRADE C Journal : Journal Of Ayurveda
ARP_AYU000171,"CLINICAL RESEARCH AYURVEDA Downloads: 0 A COMPARATIVE STUDY ON GUDUCHI AND ROSE WATER SHIRODHARA IN STRESS INDUCED INSOMNIA W.S.R. TO THE PRINCIPLE- BRINHANANI YATCA TAT SARVAM PRASASTHAM VATAROGINAM (CH.CHI. 28/106) ARP ID : ARP_AYU000171 PubMed ID : NI Doi : No Reference Type : JOURNAL ARTICLE Body System : PSYCHOLOGICAL Disease : SLEEP DISTURBANCE (ICPC - P06|ICD-G47.0, F51) Research Status : Published Work Sub Category : CLINICAL RESEARCH EVIDENCE GRADE C Journal : Journal Of Ayurveda"
ARP_AYU000172,CLINICAL RESEARCH AYURVEDA Downloads: 0 THE MANAGEMENT OF POST OPERATIVE PAIN IN GUDAGAT VIKARA (BHAGANDARA) WITH YASHTIMADHU YOGA ARP ID : ARP_AYU000172 PubMed ID : NI Doi : No Reference Type : JOURNAL ARTICLE Body System : SKIN Disease : PILONIDAL CYST/FISTULA(ICPC-S85|ICD-L05) Research Status : Published Work Sub Category : CLINICAL RESEARCH EVIDENCE GRADE C Journal : Journal Of Ayurveda
ARP_AYU000173,"CLINICAL RESEARCH AYURVEDA Downloads: 0 ANETIOPATHOLOGICAL STUDY ON MUTRASHMARI AND THERAPEUTIC EFFECT OF TRUTYADI CHURNA & VRIHAT VARUNADI KWATH -A COMPARATIVE STUDY ARP ID : ARP_AYU000173 PubMed ID : NI Doi : No Reference Type : JOURNAL ARTICLE Body System : URINARY SYSTEM Disease : URINARY CALCULUS(ICPC-U95|ICD-N20, N21, N22) Research Status : Published Work Sub Category : CLINICAL RESEARCH EVIDENCE GRADE C Journal : Journal Of Ayurveda"
ARP_AYU000175,CLINICAL RESEARCH AYURVEDA Downloads: 0 CLINICAL STUDY OF HARIDRADI YOG IN RESPIRATORY ALLERGIC DISORDERS IN CHILDREN ARP ID : ARP_AYU000175 PubMed ID : NI Doi : No Reference Type : JOURNAL ARTICLE Body System : RESPIRATORY Disease : ALLERGIC RHINITIS(ICPC-R97|ICD-J30) Research Status : Published Work Sub Category : CLINICAL RESEARCH EVIDENCE GRADE C Journal : Journal Of Ayurveda
ARP_AYU000178,"CLINICAL RESEARCH AYURVEDA Downloads: 1 AN AYURVEDIC APPROACH IN THE MANAGEMENT OF DIABETIC NEUROPATHY - A CASE REPORT. ARP ID : ARP_AYU000178 PubMed ID : NI Doi : No Reference Type : JOURNAL ARTICLE Body System : ENDOCRINE / METABOLIC AND NUTRITIONAL Disease : DIABETES NON-INSULIN DEPENDENT(ICPC-T90|ICD-E11, E12, E13, E14) Research Status : Published Work Sub Category : CLINICAL RESEARCH EVIDENCE GRADE C Journal : Journal Of Ayurveda"
ARP_AYU000185,"CLINICAL RESEARCH AYURVEDA Downloads: 0 EFFICACY OF KUMARI SWARASA ON YAKRITDALUDAR. ARP ID : ARP_AYU000185 PubMed ID : NI Doi : No Reference Type : JOURNAL ARTICLE Body System : DIGESTIVE Disease : LIVER DISEASE NOS(ICPC-D97|ICD-B58.1, B94.2, K70, K71, K72, K73, K74, K75, K76, K77) Research Status : Published Work Sub Category : CLINICAL RESEARCH EVIDENCE GRADE C Journal : Journal Of Ayurveda"
ARP_AYU000209,"CLINICAL RESEARCH AYURVEDA Downloads: 0 ROLE OF DRAKSHADI CHURNA AND MADHUKA ANUWASANA BASTI IN MANAGEMENT OF ASRIGDARA. ARP ID : ARP_AYU000209 PubMed ID : NI Doi : No Reference Type : JOURNAL ARTICLE Body System : FEMALE GENITAL SYSTEM INCLUDING BREAST Disease : MENSTRUATION EXCESSIVE, MENSTRUATION IRREGULAR/FREQUENT (ICPC-X06,X07| ICD-N92.0,N92.1,N92.2,N92.3,N93.8) Research Status : Published Work Sub Category : CLINICAL RESEARCH EVIDENCE GRADE C Journal : Journal Of Ayurveda"
ARP_AYU000210,"CLINICAL RESEARCH AYURVEDA Downloads: 0 ROLE OF STHIRADI YAPANA BASTI AND AN INDIGENOUS COMPOUND IN THE MANAGEMENT OF MINIMAL CHANGE NEPHROTIC SYNDROME W.S.R. TO ABERRATIONS OF OJAS. ARP ID : ARP_AYU000210 PubMed ID : NI Doi : No Reference Type : JOURNAL ARTICLE Body System : URINARY SYSTEM Disease : GLOMERULONEPHRITIS/NEPHROSIS(ICPC-U88|ICD-N00, N01, N03, N04, N05, N07, N08, N14, N15.0, N15.8, N16) Research Status : Published Work Sub Category : CLINICAL RESEARCH EVIDENCE GRADE B Journal : Journal Of Ayurveda"
ARP_AYU000216,"CLINICAL RESEARCH AYURVEDA Downloads: 0 A CONCEPTUAL, CLINICAL AND COMPARATIVE STUDY OF VIDANGADI CHURNA AND MEDOHARA LEPA ALONG WITH VIDANGADI CHURNA ON STHAULYA IN THE PURVIEW OF ARP ID : ARP_AYU000216 PubMed ID : NI Doi : No Reference Type : JOURNAL ARTICLE Body System : ENDOCRINE / METABOLIC AND NUTRITIONAL Disease : OBESITY(ICPC-T82|ICD-E66) Research Status : Published Work Sub Category : CLINICAL RESEARCH EVIDENCE GRADE C Journal : Journal Of Ayurveda"
ARP_AYU000217,"CLINICAL RESEARCH AYURVEDA Downloads: 0 CLINICAL STUDY TO EVALUATE THE EFFICACY OF INDUKANTAM GHRITAM (S.Y.) IN THE MANAGEMENT OF BALSHOSHA W.S.R. TO PEM (PROTEIN ENERGY MALNUTRITION). ARP ID : ARP_AYU000217 PubMed ID : NI Doi : No Reference Type : JOURNAL ARTICLE Body System : ENDOCRINE / METABOLIC AND NUTRITIONAL Disease : VITAMIN/NUTRITIONAL DEFICIENCY(ICPC-T91|ICD-E40, E41, E42, E43, E44, E45, E46, E50, E51.1, E51.8, E51.9, E52, E53, E54, E55, E56, E58, E59, E60, E61, E63, E64) Research Status : Published Work Sub Category : CLINICAL RESEARCH EVIDENCE GRADE C Journal : Journal Of Ayurveda"
ARP_AYU000230,"CLINICAL RESEARCH AYURVEDA Downloads: 0 EFFECT OF UPODIKA (BASELLA RUBRA LINN.) IN THE MANAGEMENT OF OSTEOPOROSIS. ARP ID : ARP_AYU000230 PubMed ID : NI Doi : No Reference Type : JOURNAL ARTICLE Body System : MUSCULOSKELETAL Disease : OSTEOPOROSIS(ICPC-L95|ICD-M80, M81, M82) Research Status : Published Work Sub Category : CLINICAL RESEARCH EVIDENCE GRADE C Journal : Journal Of Ayurveda"
ARP_AYU000236,CLINICAL RESEARCH AYURVEDA Downloads: 0 A COMPARATIVE CLINICAL STUDY OF BASTI KARMA AND KANCHANARA GUGGULU IN THE MANAGEMENT OF VATAASTHEELA MUTRAGHATA W.S.R. TO BENIGN PROSTATIC HYPERPLASIA (B.P.H.). ARP ID : ARP_AYU000236 PubMed ID : NI Doi : No Reference Type : JOURNAL ARTICLE Body System : MALE GENITAL Disease : BENIGN PROSTATIC HYPERPLASIA (ICPC-Y85|ICD-N40) Research Status : Published Work Sub Category : CLINICAL RESEARCH EVIDENCE GRADE C Journal : Journal Of Ayurveda
ARP_AYU000237,CLINICAL RESEARCH AYURVEDA Downloads: 0 A CLINICAL STUDY ON THE EFFICACY OF DASHANGA HARITAKI AND TARPANA IN THE MANAGEMENT OF TIMIRA WITH SPECIAL REFERENCE TO MYOPIA. ARP ID : ARP_AYU000237 PubMed ID : NI Doi : No Reference Type : JOURNAL ARTICLE Body System : EYE Disease : MYOPIA (ICD-H52.1) Research Status : Published Work Sub Category : CLINICAL RESEARCH EVIDENCE GRADE C Journal : Journal Of Ayurveda
ARP_AYU000243,"CLINICAL RESEARCH AYURVEDA Downloads: 1 A CLINICAL STUDY OF EFFICACY OF SNUHAYADI TAILAM ON KHALITYA. ARP ID : ARP_AYU000243 PubMed ID : NI Doi : No Reference Type : JOURNAL ARTICLE Body System : SKIN Disease : HAIR LOSS/ BALDNESS (ICPC-S23|ICD -L63,L64,L65,L66) Research Status : Published Work Sub Category : CLINICAL RESEARCH EVIDENCE GRADE C Journal : Journal Of Ayurveda"
ARP_AYU000249,"CLINICAL RESEARCH AYURVEDA Downloads: 0 A RANDOMIZED OPEN CLINICAL STUDY ON THE EFFICACY OF VAMANA KARMA, VIRECHANA KARMA AND PARISHEKA WITH SIDDHARTHAK SNANOKTA DRAVYA IN THE MANAGEMENT OF MANDAL KUSTHA W.S.R. TO PSORIASIS. ARP ID : ARP_AYU000249 PubMed ID : NI Doi : No Reference Type : JOURNAL ARTICLE Body System : SKIN Disease : PSORIASIS(ICPC-S91|ICD-L40) Research Status : Published Work Sub Category : CLINICAL RESEARCH EVIDENCE GRADE C Journal : Journal Of Ayurveda"
ARP_AYU000250,CLINICAL RESEARCH AYURVEDA Downloads: 0 EFFECT OF ARKA TAIL AND PANCHNIMBA GHANA VATI IN THE MANAGEMENT OF VICHARCHIKA. ARP ID : ARP_AYU000250 PubMed ID : NI Doi : No Reference Type : JOURNAL ARTICLE Body System : SKIN Disease : DERMATITIS/ATOPIC ECZEMA(ICPC-S87|ICD-L20) Research Status : Published Work Sub Category : CLINICAL RESEARCH EVIDENCE GRADE C Journal : Journal Of Ayurveda
ARP_AYU000251,"CLINICAL RESEARCH AYURVEDA Downloads: 0 ROLE OF KAPIKACCHU WHITE SEEDS IN THE MANAGEMENT OF KLAIBYA: A CLINICAL STUDY. ARP ID : ARP_AYU000251 PubMed ID : NI Doi : No Reference Type : JOURNAL ARTICLE Body System : MALE GENITAL Disease : MALE INFERTILITY/SUBFERTILITY (ICPC-Y10|ICD-N46, Z31.0, Z31.4, Z31.6, Z31.8, Z31.9) Research Status : Published Work Sub Category : CLINICAL RESEARCH EVIDENCE GRADE C Journal : Journal Of Ayurveda"
ARP_AYU000262,"CLINICAL RESEARCH AYURVEDA Downloads: 0 CLINICAL EVALUATION OF EFFICACY OF TRAYODASHANG GUGGULU, RASNADI KWATH AND NIRGUNDIPATRA-PINDASWEDA IN THE MANAGEMENT OF KATIGATAVATA ROGA (LUMBER SPONDYLOSIS). ARP ID : ARP_AYU000262 PubMed ID : NI Doi : No Reference Type : JOURNAL ARTICLE Body System : MUSCULOSKELETAL Disease : LUMBAR SPONDYLOSIS (ICD-M47.8) Research Status : Published Work Sub Category : CLINICAL RESEARCH EVIDENCE GRADE C Journal : Journal Of Ayurveda"
ARP_AYU000263,CLINICAL RESEARCH AYURVEDA Downloads: 1 A RANDOMIZED CLINICAL TRIAL OF NAVAKA GUGGULU AND AMRITADI GUGGULU ON OBESITY (STHAULYA) IN ADOLESCENTS. ARP ID : ARP_AYU000263 PubMed ID : NI Doi : No Reference Type : JOURNAL ARTICLE Body System : ENDOCRINE / METABOLIC AND NUTRITIONAL Disease : OBESITY(ICPC-T82|ICD-E66) Research Status : Published Work Sub Category : CLINICAL RESEARCH EVIDENCE GRADE C Journal : Journal Of Ayurveda
ARP_AYU000269,"CLINICAL RESEARCH AYURVEDA Downloads: 0 A COMPARATIVE STUDY OF EFFICACY & SAFETY OF PUSHKARMOOLADI YOGA AND BHARANGI NAGARA KWATHA IN MANAGEMENT OF TAMAKA SHWASA W.S.R. TO CHRONIC OBSTRUCTIVE PULMONARY DISEASE (COPD). ARP ID : ARP_AYU000269 PubMed ID : NI Doi : No Reference Type : JOURNAL ARTICLE Body System : RESPIRATORY Disease : CHRON OBSTRUCTIVE PULMONARY DISEASE(ICPC-R95|ICD-J43, J44) Research Status : Published Work Sub Category : CLINICAL RESEARCH EVIDENCE GRADE C Journal : Journal Of Ayurveda"
ARP_AYU000274,"CLINICAL RESEARCH AYURVEDA Downloads: 0 CLINICAL EVALUATION THE THERAPEUTIC EFFECT OF HARIDRA (CURCUMA LONGA LINN.) CHURNA ON DOSHA, KHADIRA (ACACIA CATECHU LINN. F. WILLD) CHURNA ON DHATU AND ARAGVADHA (CASSIA FISTULA LINN.) CHURNA ON SROTAS IN SHVITRA. ARP ID : ARP_AYU000274 PubMed ID : NI Doi : No Reference Type : JOURNAL ARTICLE Body System : SKIN Disease : VITILIGO(ICD- L80,L81.5) Research Status : Published Work Sub Category : CLINICAL RESEARCH EVIDENCE GRADE B Journal : Journal Of Ayurveda"
ARP_AYU000278,CLINICAL RESEARCH AYURVEDA Downloads: 0 CLINICAL EVALUATION OF SAFETY AND EFFICACY OF AVALGUJA BEEJA CHURNA AND ARKA TAIL IN THE MANAGEMENT OF VICHARCHIKA (ATOPIC DERMATITIS)- A RANDOMIZED CONTROLLED TRIAL. ARP ID : ARP_AYU000278 PubMed ID : NI Doi : No Reference Type : JOURNAL ARTICLE Body System : SKIN Disease : DERMATITIS/ATOPIC ECZEMA(ICPC-S87|ICD-L20) Research Status : Published Work Sub Category : CLINICAL RESEARCH EVIDENCE GRADE B Journal : Journal Of Ayurveda
ARP_AYU000279,"CLINICAL RESEARCH AYURVEDA Downloads: 0 COMPARATIVE STUDY OF PADMADI LAUHAM & IRON FOLIC ACID TABLETS IN THE MANAGEMENT OF GARBHINI PANDU. ARP ID : ARP_AYU000279 PubMed ID : NI Doi : No Reference Type : JOURNAL ARTICLE Body System : PREGNANCY, CHILDBEARING, FAMILY PLANNING Disease : PREGNANCY HIGH RISK(ICPC-W84|ICD-O24.0, O24.1, O24.2, O24.3, O24.9, O25, O30, O31, O32, O33, O34, O35, O36, O40, O43, O44, O99.0, O99.1, O99.2, O99.3, O99.4, O99.5, O99.6, O99.7, Z35) Research Status : Published Work Sub Category : CLINICAL RESEARCH EVIDENCE GRADE B Journal : Journal Of Ayurveda"
ARP_AYU000280,CLINICAL RESEARCH AYURVEDA Downloads: 0 A COMPARATIVE STUDY ON EFFECT OF BILVADI YOGA ASHCHYOTANA AND HARITAKI VIDALAKA IN THE MANAGEMENT OF VATAJA ABHISHYANDA W.S.R. TO SIMPLE ALLERGIC CONJUNCTIVITIS. ARP ID : ARP_AYU000280 PubMed ID : NI Doi : No Reference Type : JOURNAL ARTICLE Body System : EYE Disease : CONJUNCTIVITIS ALLERGIC(ICPC-F71|ICD-H10.1) Research Status : Published Work Sub Category : CLINICAL RESEARCH EVIDENCE GRADE C Journal : Journal Of Ayurveda
ARP_AYU000281,"CLINICAL RESEARCH AYURVEDA Downloads: 0 A STUDY ON EFFICACY OF VIRECHANA AND GAJALINDA KSHARA ON SHWITRA W.S.R. TO VITILIGO (LEUCODERMA). ARP ID : ARP_AYU000281 PubMed ID : NI Doi : No Reference Type : JOURNAL ARTICLE Body System : SKIN Disease : VITILIGO(ICD- L80,L81.5) Research Status : Published Work Sub Category : CLINICAL RESEARCH EVIDENCE GRADE C Journal : Journal Of Ayurveda"
ARP_AYU000282,CLINICAL RESEARCH AYURVEDA Downloads: 0 EPIDIMIO-CLINICAL STUDY OF KANCHANARA GUGGULU ON MEDOJA- ARBUDA WITH SPECIAL REFERENCE TO LIPOMA. ARP ID : ARP_AYU000282 PubMed ID : NI Doi : No Reference Type : JOURNAL ARTICLE Body System : SKIN Disease : LIPOMA(ICPC-S78|ICD-D17) Research Status : Published Work Sub Category : CLINICAL RESEARCH EVIDENCE GRADE C Journal : Journal Of Ayurveda
ARP_AYU000283,CLINICAL RESEARCH AYURVEDA Downloads: 0 EFFICACY OF SARIVA GHANAVATI IN YUVAN PIDAKA. ARP ID : ARP_AYU000283 PubMed ID : NI Doi : No Reference Type : JOURNAL ARTICLE Body System : SKIN Disease : ACNE(ICPC-S96|ICD-L70) Research Status : Published Work Sub Category : CLINICAL RESEARCH EVIDENCE GRADE C Journal : Journal Of Ayurveda
ARP_AYU000284,CLINICAL RESEARCH AYURVEDA Downloads: 2 A RANDOMIZED CLINICAL STUDY TO COMPARE THE EFFECT OF ERANDA BHRISHTA HARITAKA CHURNA ORALLY AND TRIVRITA TAILA MATRABASTI FOR APANA VATA ANULOMANA IN UDAVARTINI YONIVYAPADA (PRIMARY DYSMENORRHEA). ARP ID : ARP_AYU000284 PubMed ID : NI Doi : No Reference Type : JOURNAL ARTICLE Body System : FEMALE GENITAL SYSTEM INCLUDING BREAST Disease : DYSMENORRHOEA(ICD-N94.4) Research Status : Published Work Sub Category : CLINICAL RESEARCH EVIDENCE GRADE C Journal : Journal Of Ayurveda
ARP_AYU000285,CLINICAL RESEARCH AYURVEDA Downloads: 0 AYURVEDA MANAGEMENT OF GOITRE WITH HYPOTHYROIDISM - A SINGLE CASE STUDY. ARP ID : ARP_AYU000285 PubMed ID : NI Doi : No Reference Type : JOURNAL ARTICLE Body System : ENDOCRINE / METABOLIC AND NUTRITIONAL Disease : GOITRE(ICPC-T81|ICD-E04) Research Status : Published Work Sub Category : CLINICAL RESEARCH EVIDENCE GRADE C Journal : Journal Of Ayurveda
ARP_AYU000286,CLINICAL RESEARCH AYURVEDA Downloads: 0 A SIGNIFICANT EFFECT OF SHODHANA THERAPY ON MANDALA KUSHTHA: W.R.S. PSORIASIS: A SINGLE CASE STUDY. ARP ID : ARP_AYU000286 PubMed ID : NI Doi : No Reference Type : JOURNAL ARTICLE Body System : SKIN Disease : PSORIASIS(ICPC-S91|ICD-L40) Research Status : Published Work Sub Category : CLINICAL RESEARCH EVIDENCE GRADE C Journal : Journal Of Ayurveda
ARP_AYU000305,CLINICAL RESEARCH AYURVEDA Downloads: 0 EFFECT OF MODIFIED KSHAR KARMA (SCLEROTHERAPY) IN THE MANAGEMENT OF HAEMORRHOIDS - A COMPARATIVE STUDY OF PHENOL AND APAMARG KSHAR. ARP ID : ARP_AYU000305 PubMed ID : NI Doi : No Reference Type : JOURNAL ARTICLE Body System : DIGESTIVE Disease : HAEMORRHOIDS(ICD-K64.8) Research Status : Published Work Sub Category : CLINICAL RESEARCH EVIDENCE GRADE C Journal : Journal Of Ayurveda
ARP_AYU000308,"CLINICAL RESEARCH AYURVEDA Downloads: 0 A COMPARATIVE STUDY OF SNUHI KSHARA AND APAMARG KSHARA IN THE MANAGEMENT OF KARNINI YONIVYAPAD W.S.R. TO CERVICAL EROSION. ARP ID : ARP_AYU000308 PubMed ID : NI Doi : No Reference Type : JOURNAL ARTICLE Body System : FEMALE GENITAL SYSTEM INCLUDING BREAST Disease : CERVICAL DISEASE NOS(ICPC-X85|ICD-N72, N84.1, N86, N88) Research Status : Published Work Sub Category : CLINICAL RESEARCH EVIDENCE GRADE C Journal : Journal Of Ayurveda"
ARP_AYU000311,"CLINICAL RESEARCH AYURVEDA Downloads: 0 CLINICAL STUDY ON THE EFFICACY OF SHRI SIDDHA MODAK IN THE MANAGEMENT OF BALSHOSH W.S.R. TO PROTEIN ENERGY MALNUTRITION IN CHILDREN. ARP ID : ARP_AYU000311 PubMed ID : NI Doi : No Reference Type : JOURNAL ARTICLE Body System : ENDOCRINE / METABOLIC AND NUTRITIONAL Disease : VITAMIN/NUTRITIONAL DEFICIENCY(ICPC-T91|ICD-E40, E41, E42, E43, E44, E45, E46, E50, E51.1, E51.8, E51.9, E52, E53, E54, E55, E56, E58, E59, E60, E61, E63, E64) Research Status : Published Work Sub Category : CLINICAL RESEARCH EVIDENCE GRADE B Journal : Journal Of Ayurveda"
ARP_AYU000313,"CLINICAL RESEARCH AYURVEDA Downloads: 0 A CLINICAL STUDY TO EVALUATE THE EFFICACY OF KUKKUTAND RAS AND PALANDU SWARAS IN THE MANAGEMENT OF KESHPATAN. ARP ID : ARP_AYU000313 PubMed ID : NI Doi : No Reference Type : JOURNAL ARTICLE Body System : SKIN Disease : HAIR LOSS/ BALDNESS (ICPC-S23|ICD -L63,L64,L65,L66) Research Status : Published Work Sub Category : CLINICAL RESEARCH EVIDENCE GRADE C Journal : Journal Of Ayurveda"
ARP_AYU000314,CLINICAL RESEARCH AYURVEDA Downloads: 0 EVALUATION OF VACHA (ACORUS CALAMUS LINN.) & SHALMALI KANTAKA (BOMBEX CEIBA LINN.) IN THE MANAGEMENT OF YUVANAPIDIKA. ARP ID : ARP_AYU000314 PubMed ID : NI Doi : No Reference Type : JOURNAL ARTICLE Body System : SKIN Disease : ACNE(ICPC-S96|ICD-L70) Research Status : Published Work Sub Category : CLINICAL RESEARCH EVIDENCE GRADE B Journal : Journal Of Ayurveda
ARP_AYU000315,CLINICAL RESEARCH AYURVEDA Downloads: 0 COMPARATIVE EFFICACY OF NASYA AND CERVICAL TRACTION IN THE MANAGEMENT OF MANYASTAMBHA. ARP ID : ARP_AYU000315 PubMed ID : NI Doi : No Reference Type : JOURNAL ARTICLE Body System : MUSCULOSKELETAL Disease : CERVICAL SPONDYLOSIS ((ICPC-L83|ICD-M47.8) Research Status : Published Work Sub Category : CLINICAL RESEARCH EVIDENCE GRADE C Journal : Journal Of Ayurveda
ARP_AYU000316,CLINICAL RESEARCH AYURVEDA Downloads: 1 EFFECT OF TRIPHALADI VIRECHANA KARMA IN THE MANAGEMENT OF ESSENTIAL HYPERTENTION. ARP ID : ARP_AYU000316 PubMed ID : NI Doi : No Reference Type : JOURNAL ARTICLE Body System : CIRCULATORY Disease : HYPERTENSION UNCOMPLICATED(ICPC-K86|ICD-I10) Research Status : Published Work Sub Category : CLINICAL RESEARCH EVIDENCE GRADE C Journal : Journal Of Ayurveda
ARP_AYU000317,CLINICAL RESEARCH AYURVEDA Downloads: 0 CLINICAL EVALUATION ON THE EFFECT OF BALA TAILA NASYA AND GYAN MUDRA IN THE MANAGEMENT OF VATIKA SHIRAHSHOOLA W.S.R. TO TENSION HEADACHE. ARP ID : ARP_AYU000317 PubMed ID : NI Doi : No Reference Type : JOURNAL ARTICLE Body System : NEUROLOGICAL Disease : TENSION HEADACHE(ICPC-N95|ICD-G44.2) Research Status : Published Work Sub Category : CLINICAL RESEARCH EVIDENCE GRADE C Journal : Journal Of Ayurveda
ARP_AYU000318,"CLINICAL RESEARCH AYURVEDA Downloads: 0 A NIDANATMAKA STUDY ON SANDHIGATA VATA (DEGENERATIVE JOINT DISEASE) AMONG LOCAL COMMUNITY OF JAIPUR. ARP ID : ARP_AYU000318 PubMed ID : NI Doi : No Reference Type : JOURNAL ARTICLE Body System : MUSCULOSKELETAL Disease : OSTEOARTHROSIS OTHER(ICPC-L91|ICD-M13, M15, M18, M19) Research Status : Published Work Sub Category : CLINICAL RESEARCH EVIDENCE GRADE C Journal : Journal Of Ayurveda"
ARP_AYU000321,CLINICAL RESEARCH AYURVEDA Downloads: 0 A CLINICAL STUDY TO EVALUATE EFFECT OF AGNI KARMA AND SHUDDHA GUGGULU IN THE MANAGEMENT OF SNAYU VIKARA W.S.R. TENNIS ELBOW. ARP ID : ARP_AYU000321 PubMed ID : NI Doi : No Reference Type : JOURNAL ARTICLE Body System : MUSCULOSKELETAL Disease : TENNIS ELBOW(ICPC-L93|ICD-M77.1) Research Status : Published Work Sub Category : CLINICAL RESEARCH EVIDENCE GRADE C Journal : Journal Of Ayurveda
ARP_AYU000322,"CLINICAL RESEARCH AYURVEDA Downloads: 0 CLINICAL EVALUATION OF DHATRYKHADIRA KWATH ON SHVITRA. ARP ID : ARP_AYU000322 PubMed ID : NI Doi : No Reference Type : JOURNAL ARTICLE Body System : SKIN Disease : VITILIGO(ICD- L80,L81.5) Research Status : Published Work Sub Category : CLINICAL RESEARCH EVIDENCE GRADE C Journal : Journal Of Ayurveda"
ARP_AYU000323,CLINICAL RESEARCH AYURVEDA Downloads: 0 A COMPARATIVE CLINICAL STUDY OF RAJAH-PRAVARTANI-VATI AND TREIVREITA-SNEHA ANUVASAN-BASTI ON KASHTARTAVA W.S.R TO PRIMARY DYSMENORRHOEA. ARP ID : ARP_AYU000323 PubMed ID : NI Doi : No Reference Type : JOURNAL ARTICLE Body System : FEMALE GENITAL SYSTEM INCLUDING BREAST Disease : DYSMENORRHOEA(ICD-N94.4) Research Status : Published Work Sub Category : CLINICAL RESEARCH EVIDENCE GRADE B Journal : Journal Of Ayurveda
ARP_AYU000324,"CLINICAL RESEARCH AYURVEDA Downloads: 1 MANAGEMENT OF MUTRASHMARI W.S.R. TO UROLITHIASIS- A COMPARATIVE STUDY OF VARUNADI KWATH AND TRIVIKRAM RASA. ARP ID : ARP_AYU000324 PubMed ID : NI Doi : No Reference Type : JOURNAL ARTICLE Body System : URINARY SYSTEM Disease : URINARY CALCULUS(ICPC-U95|ICD-N20, N21, N22) Research Status : Published Work Sub Category : CLINICAL RESEARCH EVIDENCE GRADE C Journal : Journal Of Ayurveda"
ARP_AYU000325,CLINICAL RESEARCH AYURVEDA Downloads: 0 CLINICAL STUDY ON THE EFFICACY OF AN AYURVEDIC COMPOUND AND PANCHAKARMA PROCEDURE IN THE MANAGEMENT OF SPASTICITY AMONG CHILDREN SUFFERING FROM SPASTIC CEREBRAL PALSY. ARP ID : ARP_AYU000325 PubMed ID : NI Doi : No Reference Type : JOURNAL ARTICLE Body System : NEUROLOGICAL Disease : CEREBRAL PALSY (ICD-G80.9) Research Status : Published Work Sub Category : CLINICAL RESEARCH EVIDENCE GRADE C Journal : Journal Of Ayurveda
ARP_AYU000327,"CLINICAL RESEARCH AYURVEDA Downloads: 0 CLINICAL EVALUATION OF EFFICACY OF RASNAGUGGULU, RASNASAPTAK KWATH AND ABHYANGA - SWEDANA IN THE MANAGEMENT OF GRIDHRASI ROGA SCIATICA. ARP ID : ARP_AYU000327 PubMed ID : NI Doi : No Reference Type : JOURNAL ARTICLE Body System : MUSCULOSKELETAL Disease : SCIATICA ((ICPC-L86|ICD-M54.3) Research Status : Published Work Sub Category : CLINICAL RESEARCH EVIDENCE GRADE C Journal : Journal Of Ayurveda"
ARP_AYU000328,"CLINICAL RESEARCH AYURVEDA Downloads: 0 EVALUATION OF PIPPALI (PIPER LONGUM LINN.) AND LAUHA BHASMA ON BLOOD HAEMOGLOBIN LEVEL. ARP ID : ARP_AYU000328 PubMed ID : NI Doi : No Reference Type : JOURNAL ARTICLE Body System : BLOOD, BLOOD FORMING ORGANS AND IMMUNE MECHANISM Disease : IRON DEFICIENCY ANAEMIA(ICPC-B80|ICD-D50) Research Status : Published Work Sub Category : CLINICAL RESEARCH EVIDENCE GRADE C Journal : Journal Of Ayurveda"
ARP_AYU000329,"CLINICAL RESEARCH AYURVEDA Downloads: 0 CLINICAL EVALUATION OF PIPPALYADI GANDUSHA AND PHALATRIKADI KWATHA IN THE MANAGEMENT OF TUNDIKERI W.S.R. TO TONSILLITIS. ARP ID : ARP_AYU000329 PubMed ID : NI Doi : No Reference Type : JOURNAL ARTICLE Body System : RESPIRATORY Disease : TONSILLITIS ACUTE(ICPC-R76|ICD-J03.8, J03.9, J36) Research Status : Published Work Sub Category : CLINICAL RESEARCH EVIDENCE GRADE C Journal : Journal Of Ayurveda"
ARP_AYU000330,CLINICAL RESEARCH AYURVEDA Downloads: 0 ROLE OF ANKOLADI TAILA IN CHILDHOOD SEBORRHEIC DERMATITIS W.S.R. TO ARUMSHIK. ARP ID : ARP_AYU000330 PubMed ID : NI Doi : No Reference Type : JOURNAL ARTICLE Body System : SKIN Disease : DERMATITIS SEBORRHOEIC (ICPC-S86|ICD-L21) Research Status : Published Work Sub Category : CLINICAL RESEARCH EVIDENCE GRADE C Journal : Journal Of Ayurveda
ARP_AYU000331,"CLINICAL RESEARCH AYURVEDA Downloads: 0 EFFECT OF BATANKURA KSHEERA (FICUS BENGHALENSIS LATEX) AND KARPOORA IN THE PREVENTION OF RECURRENCE OF ARMA (PTERYGIUM) AFTER ARMA CHHEDANA (PTERYGECTOMY). ARP ID : ARP_AYU000331 PubMed ID : NI Doi : No Reference Type : JOURNAL ARTICLE Body System : EYE Disease : EYE/ADNEXA DISEASE OTHER(ICPC-F99|ICD-H02.0, H02.1, H02.8, H02.9, H04.0, H04.1, H04.5, H04.6, H04.8, H04.9, H04.12, H05.2, H05.3, H05.4, H05.5, H05.8, H05.9, H06, H11.0, H11.1, H11.2, H11.4, H11.8, H11.9, H15, H17, H18, H27, H31, H34, H35.5, H35.6, H35.7, H35.8, H35.9, H43, H44.0, H44.1, H44.2, H44.3,H47, H55, H57,H58,H59 Research Status : Published Work Sub Category : CLINICAL RESEARCH EVIDENCE GRADE C Journal : Journal Of Ayurveda"
ARP_AYU000344,"CLINICAL RESEARCH AYURVEDA Downloads: 0 ROLE OF PALASHADI GHANA VATI AND VRIKSHAKADI GHANA VATI ON SEXUAL HEALTH PROFILE: A RANDOMIZED CONTROLLED TRIAL. ARP ID : ARP_AYU000344 PubMed ID : NI Doi : No Reference Type : JOURNAL ARTICLE Body System : MALE GENITAL Disease : GENITAL DISEASE MALE OTHER(ICPC-Y99|ICD-A55, A57, A58, A63.8, N42.0, N42.1, N42.2, N42.8, N42.9, N43.4, N44, N48.0, N48.2, N48.5, N48.6, N48.8, N49.1, N49.2, N49.8, N49.9, N50.0, N50.1, N50.8, N50.9, N51, N64.8, Z90.7) Research Status : Published Work Sub Category : CLINICAL RESEARCH EVIDENCE GRADE B Journal : Journal Of Ayurveda"
ARP_AYU000345,"CLINICAL RESEARCH AYURVEDA Downloads: 0 A CLINICAL EFFICACY OF HARISHANKAR RAS AND KHADIR-KRAMUKKWATH IN MADHUMEHA WITH SPECIAL REFERENCE TO DIABETES MELLITUS TYPE II. ARP ID : ARP_AYU000345 PubMed ID : NI Doi : No Reference Type : JOURNAL ARTICLE Body System : ENDOCRINE / METABOLIC AND NUTRITIONAL Disease : DIABETES NON-INSULIN DEPENDENT(ICPC-T90|ICD-E11, E12, E13, E14) Research Status : Published Work Sub Category : CLINICAL RESEARCH EVIDENCE GRADE C Journal : Journal Of Ayurveda"
ARP_AYU000346,CLINICAL RESEARCH AYURVEDA Downloads: 0 A COMPARATIVE CLINICAL STUDY ON ARAGVADAADIPRATISARANEEYAKSHAR AND IRC IN THE MANAGEMENT OF ABHYANTARARSHAW.S.R. TO I0 & II0 INTERNAL HAEMORRHOIDS. ARP ID : ARP_AYU000346 PubMed ID : NI Doi : No Reference Type : JOURNAL ARTICLE Body System : DIGESTIVE Disease : HAEMORRHOIDS(ICD-K64.8) Research Status : Published Work Sub Category : CLINICAL RESEARCH EVIDENCE GRADE C Journal : Journal Of Ayurveda
ARP_AYU000347,"CLINICAL RESEARCH AYURVEDA Downloads: 0 CLINICAL EVALUATION OF EFFICACY OF PIPPALYADI YOGA IN THE MANAGEMENT OF PANDU ROGA W.S.R TO IRON DEFICIENCY ANEMIA IN CHILDREN. ARP ID : ARP_AYU000347 PubMed ID : NI Doi : No Reference Type : JOURNAL ARTICLE Body System : BLOOD, BLOOD FORMING ORGANS AND IMMUNE MECHANISM Disease : IRON DEFICIENCY ANAEMIA(ICPC-B80|ICD-D50) Research Status : Published Work Sub Category : CLINICAL RESEARCH EVIDENCE GRADE C Journal : Journal Of Ayurveda"
ARP_AYU000350,"CLINICAL RESEARCH AYURVEDA Downloads: 0 CLINICAL STUDY OF KALYANAKAGHRIT IN VANDHYATWA W.S.R. TO OVARIAN FACTOR. ARP ID : ARP_AYU000350 PubMed ID : NI Doi : No Reference Type : JOURNAL ARTICLE Body System : FEMALE GENITAL SYSTEM INCLUDING BREAST Disease : FEMALE INFERTILITY/SUBFERTILITY (ICPC-W15|ICD-N97.0, N97.1, N97.2, N97.3, N97.4, N97.8, N97.9) Research Status : Published Work Sub Category : CLINICAL RESEARCH EVIDENCE GRADE C Journal : Journal Of Ayurveda"
ARP_AYU000351,"CLINICAL RESEARCH AYURVEDA Downloads: 0 A COMPARATIVE STUDY ON THE EFFICACY OF VYOSHADIVARTI AND CHANDRODAYAVARTI IN THE MANAGEMENT OF ARMA (PTERYGIUM). ARP ID : ARP_AYU000351 PubMed ID : NI Doi : No Reference Type : JOURNAL ARTICLE Body System : EYE Disease : EYE/ADNEXA DISEASE OTHER(ICPC-F99|ICD-H02.0, H02.1, H02.8, H02.9, H04.0, H04.1, H04.5, H04.6, H04.8, H04.9, H04.12, H05.2, H05.3, H05.4, H05.5, H05.8, H05.9, H06, H11.0, H11.1, H11.2, H11.4, H11.8, H11.9, H15, H17, H18, H27, H31, H34, H35.5, H35.6, H35.7, H35.8, H35.9, H43, H44.0, H44.1, H44.2, H44.3,H47, H55, H57,H58,H59 Research Status : Published Work Sub Category : CLINICAL RESEARCH EVIDENCE GRADE C Journal : Journal Of Ayurveda"
ARP_AYU000353,"CLINICAL RESEARCH AYURVEDA Downloads: 0 THE EFFECT OF SHUNTHYADIKWATHA IN THE MANAGEMENT OF AMAVATA- A CLINICAL STUDY. ARP ID : ARP_AYU000353 PubMed ID : NI Doi : No Reference Type : JOURNAL ARTICLE Body System : MUSCULOSKELETAL Disease : RHEUMATOID/SEROPOSITIVE ARTHRITIS(ICPC-L88|ICD-M05, M06, M08, M45) Research Status : Published Work Sub Category : CLINICAL RESEARCH EVIDENCE GRADE C Journal : Journal Of Ayurveda"
ARP_AYU000354,"CLINICAL RESEARCH AYURVEDA Downloads: 0 EFFICACY OF KAMPAVATARI RASA IN KAMPAVATA W.S.R. TO PARKINSONS DISEASE. ARP ID : ARP_AYU000354 PubMed ID : NI Doi : No Reference Type : JOURNAL ARTICLE Body System : NEUROLOGICAL Disease : PARKINSONISM(ICPC-N87|ICD-G20, G21, G22) Research Status : Published Work Sub Category : CLINICAL RESEARCH EVIDENCE GRADE C Journal : Journal Of Ayurveda"
ARP_AYU000355,"CLINICAL RESEARCH AYURVEDA Downloads: 0 A COMPARATIVE STUDY ON THE EFFECT OF AVASADAHARA YOGA (KALPIT) AND PSYCHOTHERAPY IN THE MANAGEMENT OF DEPRESSION. ARP ID : ARP_AYU000355 PubMed ID : NI Doi : No Reference Type : JOURNAL ARTICLE Body System : PSYCHOLOGICAL Disease : DEPRESSIVE DISORDER(ICPC-P76|ICD-F32, F33, F34.1, F34.8, F34.9, F38, F39, F41.2, F53.0) Research Status : Published Work Sub Category : CLINICAL RESEARCH EVIDENCE GRADE C Journal : Journal Of Ayurveda"
ARP_AYU000356,CLINICAL RESEARCH AYURVEDA Downloads: 0 A CLINICAL STUDY ON THE EFFICACY OF TRIPHALADIKWATHA AS APATARPANA MEASURE ON STHAULYA AND DADRU I.E. SANTARPANOTTHAROGA. ARP ID : ARP_AYU000356 PubMed ID : NI Doi : No Reference Type : JOURNAL ARTICLE Body System : ENDOCRINE / METABOLIC AND NUTRITIONAL Disease : OBESITY(ICPC-T82|ICD-E66) Research Status : Published Work Sub Category : CLINICAL RESEARCH EVIDENCE GRADE C Journal : Journal Of Ayurveda
ARP_AYU000358,"CLINICAL RESEARCH AYURVEDA Downloads: 1 A CLINICAL EVALUATION OF SAPTAMRITALAUHA AND KACHAYAPANA ANJANA IN THE MANAGEMENT OF KACHA W.S.R. TO CATARACT. ARP ID : ARP_AYU000358 PubMed ID : NI Doi : No Reference Type : JOURNAL ARTICLE Body System : EYE Disease : CATARACT(ICPC-F92|ICD-H25, H26, H28) Research Status : Published Work Sub Category : CLINICAL RESEARCH EVIDENCE GRADE C Journal : Journal Of Ayurveda"
ARP_AYU000359,CLINICAL RESEARCH AYURVEDA Downloads: 0 DEVELOPMENT OF ASSESSMENT CRITERIA OF LAGHUGUNA OF VATA AND ITS APPLIED ASPECT IN STHAULYA W.S.R. TO VIDANGADICHURNA. ARP ID : ARP_AYU000359 PubMed ID : NI Doi : No Reference Type : JOURNAL ARTICLE Body System : ENDOCRINE / METABOLIC AND NUTRITIONAL Disease : OBESITY(ICPC-T82|ICD-E66) Research Status : Published Work Sub Category : CLINICAL RESEARCH EVIDENCE GRADE C Journal : Journal Of Ayurveda
ARP_AYU000361,"CLINICAL RESEARCH AYURVEDA Downloads: 0 PHARMACOGNOSTICAL STUDY OF KIGELIAPINNATA (JACQ.) (BALAMKHIRA) AND ITS EFFECT ON FACIAL BLEMISHES. ARP ID : ARP_AYU000361 PubMed ID : NI Doi : No Reference Type : JOURNAL ARTICLE Body System : SKIN Disease : SKIN DISEASE OTHER(ICPC-S99|ICD-L10, L11, L12, L13, L14, L26, L28, L30.2, L30.5, L41, L43, L44, L45, L51, L52, L53.0, L53.1, L53.2, L53.3, L53.8, L54, L60.2, L60.3, L60.8, L68, L71, L72.0, L72.2, L72.8, L72.9, L73.0, L73.1, L73.8, L73.9, L80, L81.1, L81.4, L81.5, L81.6, L81.7, L81.8, L81.9, L82, L8) Research Status : Published Work Sub Category : CLINICAL RESEARCH EVIDENCE GRADE C Journal : Journal Of Ayurveda"
ARP_AYU000362,CLINICAL RESEARCH AYURVEDA Downloads: 0 EFFECT OF KANDUGHNAMAHAKASHAYACHURNA WITH HAYAMARADITAILA PICHU IN THE MANAGEMENT OF ACHARANA YONIVYAPAD (W.S.R. TO PRURITUS VULVAE) - A CASE STUDY. ARP ID : ARP_AYU000362 PubMed ID : NI Doi : No Reference Type : JOURNAL ARTICLE Body System : SKIN Disease : PRURITUS (ICPC- S02|ICD L29) Research Status : Published Work Sub Category : CLINICAL RESEARCH EVIDENCE GRADE C Journal : Journal Of Ayurveda
ARP_AYU000365,CLINICAL RESEARCH AYURVEDA Downloads: 0 ROLE OF AGNI KARMA IN THE MANAGEMENT OF TENNIS ELBOW. ARP ID : ARP_AYU000365 PubMed ID : NI Doi : No Reference Type : JOURNAL ARTICLE Body System : MUSCULOSKELETAL Disease : TENNIS ELBOW(ICPC-L93|ICD-M77.1) Research Status : Published Work Sub Category : CLINICAL RESEARCH EVIDENCE GRADE B Journal : Journal Of Ayurveda
ARP_AYU000366,CLINICAL RESEARCH AYURVEDA Downloads: 0 EFFICACY OF KALPIT TRIPHALADI GHANA VATI ON MEDODHATU VRIDDHI. ARP ID : ARP_AYU000366 PubMed ID : NI Doi : No Reference Type : JOURNAL ARTICLE Body System : ENDOCRINE / METABOLIC AND NUTRITIONAL Disease : OBESITY(ICPC-T82|ICD-E66) Research Status : Published Work Sub Category : CLINICAL RESEARCH EVIDENCE GRADE C Journal : Journal Of Ayurveda
ARP_AYU000367,"CLINICAL RESEARCH AYURVEDA Downloads: 0 CLINICAL EVALUATION OF KANCHNAAR SHIGRU CHURNA & PANCHKOL PHANTA IN HYPOTHYROIDISM. ARP ID : ARP_AYU000367 PubMed ID : NI Doi : No Reference Type : JOURNAL ARTICLE Body System : ENDOCRINE / METABOLIC AND NUTRITIONAL Disease : HYPOTHYROIDISM/MYXOEDEMA(ICPC-T86|ICD-E01, E02, E03) Research Status : Published Work Sub Category : CLINICAL RESEARCH EVIDENCE GRADE C Journal : Journal Of Ayurveda"
ARP_AYU000383,"CLINICAL RESEARCH AYURVEDA Downloads: 0 THERAPEUTIC STUDY OF SHILAJEETIN VATIK PRAMEHA UPADRAVA (DIABETIC NEUROPATHY). ARP ID : ARP_AYU000383 PubMed ID : NI Doi : No Reference Type : JOURNAL ARTICLE Body System : ENDOCRINE / METABOLIC AND NUTRITIONAL Disease : DIABETES NON-INSULIN DEPENDENT(ICPC-T90|ICD-E11, E12, E13, E14) Research Status : Published Work Sub Category : CLINICAL RESEARCH EVIDENCE GRADE C Journal : Journal Of Ayurveda"
ARP_AYU000384,"CLINICAL RESEARCH AYURVEDA Downloads: 0 CLINICAL EVALUATION OF DARVADI GHRITA AND SHILAJATU IN VATAJA COMPLICATION OF PRAMEHA. ARP ID : ARP_AYU000384 PubMed ID : NI Doi : No Reference Type : JOURNAL ARTICLE Body System : ENDOCRINE / METABOLIC AND NUTRITIONAL Disease : DIABETES NON-INSULIN DEPENDENT(ICPC-T90|ICD-E11, E12, E13, E14) Research Status : Published Work Sub Category : CLINICAL RESEARCH EVIDENCE GRADE C Journal : Journal Of Ayurveda"
ARP_AYU000385,"CLINICAL RESEARCH AYURVEDA Downloads: 0 EVALUATION OF THE EFFICACY OF DARVYADI KWATHA AND MADHUMEHARI CHURNA IN THE MANAGEMENT OF MADHUMEHA W.S.R. TO DIABETES MELLITUS TYPE-2 (NIDDM). ARP ID : ARP_AYU000385 PubMed ID : NI Doi : No Reference Type : JOURNAL ARTICLE Body System : ENDOCRINE / METABOLIC AND NUTRITIONAL Disease : DIABETES NON-INSULIN DEPENDENT(ICPC-T90|ICD-E11, E12, E13, E14) Research Status : Published Work Sub Category : CLINICAL RESEARCH EVIDENCE GRADE C Journal : Journal Of Ayurveda"
ARP_AYU000386,"CLINICAL RESEARCH AYURVEDA Downloads: 0 EFFECT OF SHODHANA ROPANA LEPA IN DIABETIC FOOT ULCER (MADHUMEHAJANYA DUSHTAVRANA)- A CASE STUDY. ARP ID : ARP_AYU000386 PubMed ID : NI Doi : No Reference Type : JOURNAL ARTICLE Body System : ENDOCRINE / METABOLIC AND NUTRITIONAL Disease : DIABETES NON-INSULIN DEPENDENT(ICPC-T90|ICD-E11, E12, E13, E14) Research Status : Published Work Sub Category : CLINICAL RESEARCH EVIDENCE GRADE C Journal : Journal Of Ayurveda"
ARP_AYU000387,"CLINICAL RESEARCH AYURVEDA Downloads: 0 SURGICAL WOUND INFECTION AND DEHISCENCE IN AN UNDIAGNOSED DIABETIC PATIENT. ARP ID : ARP_AYU000387 PubMed ID : NI Doi : No Reference Type : JOURNAL ARTICLE Body System : ENDOCRINE / METABOLIC AND NUTRITIONAL Disease : DIABETES NON-INSULIN DEPENDENT(ICPC-T90|ICD-E11, E12, E13, E14) Research Status : Published Work Sub Category : CLINICAL RESEARCH EVIDENCE GRADE C Journal : Journal Of Ayurveda"
ARP_AYU000388,"CLINICAL RESEARCH AYURVEDA Downloads: 0 THUMARI OIL (SECURINEGA LEUCOPYRUS) IN THE MANAGEMENT OF DIABETIC FOOT ULCER - A CASE REPORT. ARP ID : ARP_AYU000388 PubMed ID : NI Doi : No Reference Type : JOURNAL ARTICLE Body System : ENDOCRINE / METABOLIC AND NUTRITIONAL Disease : DIABETES NON-INSULIN DEPENDENT(ICPC-T90|ICD-E11, E12, E13, E14) Research Status : Published Work Sub Category : CLINICAL RESEARCH EVIDENCE GRADE C Journal : Journal Of Ayurveda"
ARP_AYU000391,CLINICAL RESEARCH AYURVEDA Downloads: 0 ROLE OF VASAKADI KWATH IN DIABETIC RETINAL HEMORRHAGES - A CASE STUDY. ARP ID : ARP_AYU000391 PubMed ID : NI Doi : No Reference Type : JOURNAL ARTICLE Body System : EYE Disease : RETINAL HAEMORRHAGE(ICD-H 35.6) Research Status : Published Work Sub Category : CLINICAL RESEARCH EVIDENCE GRADE C Journal : Journal Of Ayurveda
ARP_AYU000392,CLINICAL RESEARCH AYURVEDA Downloads: 0 CLINICAL STUDY ON THE EFFECT OF SHATAHVADI DHUMAPANA WITH OR WITHOUT PIPPALI RASAYANA IN PEENASA WITH SPECIAL REFERENCE TO CHRONIC SIMPLE RHINITIS. ARP ID : ARP_AYU000392 PubMed ID : NI Doi : No Reference Type : JOURNAL ARTICLE Body System : RESPIRATORY Disease : CHRONIC RHINITIS(ICD-J31.0) Research Status : Published Work Sub Category : CLINICAL RESEARCH EVIDENCE GRADE C Journal : Journal Of Ayurveda
ARP_AYU000393,CLINICAL RESEARCH AYURVEDA Downloads: 0 A COMPARATIVE STUDY OF TWO SAMPLES OF KUSHMAND KHAND IN AMLAPITTA: A PROSPECTIVE RANDOMIZED CONTROL TRIAL. ARP ID : ARP_AYU000393 PubMed ID : NI Doi : No Reference Type : JOURNAL ARTICLE Body System : DIGESTIVE Disease : HYPERACIDITY(ICD-K31.8) Research Status : Published Work Sub Category : CLINICAL RESEARCH EVIDENCE GRADE C Journal : Journal Of Ayurveda
ARP_AYU000394,CLINICAL RESEARCH AYURVEDA Downloads: 0 CLINICAL STUDY ON THE EFFECT OF AN AYURVEDA FORMULATION IN THE MANAGEMENT OF MEDODUSHTI W.S.R. TO DYSLIPIDAEMIA. ARP ID : ARP_AYU000394 PubMed ID : NI Doi : No Reference Type : JOURNAL ARTICLE Body System : ENDOCRINE / METABOLIC AND NUTRITIONAL Disease : DYSLIPIDEMIA (ICD-E78) Research Status : Published Work Sub Category : CLINICAL RESEARCH EVIDENCE GRADE C Journal : Journal Of Ayurveda
ARP_AYU000395,"CLINICAL RESEARCH AYURVEDA Downloads: 1 A CLINICAL STUDY ON THE EFFICACY OF ARDHANARISHVARA RASA NASYA AND NIMBADI GUGGULU IN THE MANAGEMENT OF KAPHAJA SHIROROGA W.S.R. TO SINUSITIS. ARP ID : ARP_AYU000395 PubMed ID : NI Doi : No Reference Type : JOURNAL ARTICLE Body System : RESPIRATORY Disease : SINUSITIS ACUTE/CHRONIC(ICPC-R75|ICD-J01, J32) Research Status : Published Work Sub Category : CLINICAL RESEARCH EVIDENCE GRADE C Journal : Journal Of Ayurveda"
ARP_AYU000396,"CLINICAL RESEARCH AYURVEDA Downloads: 0 A STUDY OF VYANGHARA KARMA OF LAKSHA OBTAINED FROM DIFFERENT HOST PLANTS. ARP ID : ARP_AYU000396 PubMed ID : NI Doi : No Reference Type : JOURNAL ARTICLE Body System : SKIN Disease : SKIN DISEASE OTHER(ICPC-S99|ICD-L10, L11, L12, L13, L14, L26, L28, L30.2, L30.5, L41, L43, L44, L45, L51, L52, L53.0, L53.1, L53.2, L53.3, L53.8, L54, L60.2, L60.3, L60.8, L68, L71, L72.0, L72.2, L72.8, L72.9, L73.0, L73.1, L73.8, L73.9, L80, L81.1, L81.4, L81.5, L81.6, L81.7, L81.8, L81.9, L82, L8) Research Status : Published Work Sub Category : CLINICAL RESEARCH EVIDENCE GRADE C Journal : Journal Of Ayurveda"
ARP_AYU000397,CLINICAL RESEARCH AYURVEDA Downloads: 0 AYURVEDIC MANAGEMENT OF OBSTRUCTIVE UROPATHY WITH VESICO-URETERAL REFLUX: A CASE STUDY. ARP ID : ARP_AYU000397 PubMed ID : NI Doi : No Reference Type : JOURNAL ARTICLE Body System : URINARY SYSTEM Disease : OBSTRUCTIVE UROPATHY WITH VESICOURETERAL REFLEX(ICD-N13.7) Research Status : Published Work Sub Category : CLINICAL RESEARCH EVIDENCE GRADE C Journal : Journal Of Ayurveda
ARP_AYU000398,CLINICAL RESEARCH AYURVEDA Downloads: 0 FUNCTIONAL OUTCOME OF BASTI KARMA IN AVASCULAR NECROSIS OF FEMORAL HEAD - A CASE REPORT. ARP ID : ARP_AYU000398 PubMed ID : NI Doi : No Reference Type : JOURNAL ARTICLE Body System : MUSCULOSKELETAL Disease : AVASCULAR NECROSIS OF FEMUR(ICD-M 87.059) Research Status : Published Work Sub Category : CLINICAL RESEARCH EVIDENCE GRADE C Journal : Journal Of Ayurveda
ARP_AYU000406,CLINICAL RESEARCH AYURVEDA Downloads: 0 A CLINICAL STUDY TO EVALUATE THE EFFICACY OF YASHTYADI NIRUHA VASTI IN VATARAKTA. ARP ID : ARP_AYU000406 PubMed ID : NI Doi : No Reference Type : JOURNAL ARTICLE Body System : MUSCULOSKELETAL Disease : GOUT(ICD-M 10) Research Status : Published Work Sub Category : CLINICAL RESEARCH EVIDENCE GRADE C Journal : Journal Of Ayurveda
ARP_AYU000407,"CLINICAL RESEARCH AYURVEDA Downloads: 0 A COMPARATIVE CLINICAL STUDY OF JALAUKAVCHARAN AND SHODHANA ROPANA LEPA IN DUSHTA VRANA. ARP ID : ARP_AYU000407 PubMed ID : NI Doi : No Reference Type : JOURNAL ARTICLE Body System : SKIN Disease : CHRONIC ULCER SKIN(ICPC-S97|ICD-I83.0, I83.2, L89, L97, L98.4) Research Status : Published Work Sub Category : CLINICAL RESEARCH EVIDENCE GRADE C Journal : Journal Of Ayurveda"
ARP_AYU000409,CLINICAL RESEARCH AYURVEDA Downloads: 0 A COMPARATIVE STUDY OF KAPAL BHATI AND PASCHIMOTTANASANA IN STHAULYA. ARP ID : ARP_AYU000409 PubMed ID : NI Doi : No Reference Type : JOURNAL ARTICLE Body System : ENDOCRINE / METABOLIC AND NUTRITIONAL Disease : OBESITY(ICPC-T82|ICD-E66) Research Status : Published Work Sub Category : CLINICAL RESEARCH EVIDENCE GRADE C Journal : Journal Of Ayurveda
ARP_AYU000410,"CLINICAL RESEARCH AYURVEDA Downloads: 0 CLINICAL STUDY OF AQUEOUS EXTRACT OF ECLIPTA ALBA IN MANAGEMENT OF ESSENTIAL HYPERTENSION. ARP ID : ARP_AYU000410 PubMed ID : NI Doi : No Reference Type : JOURNAL ARTICLE Body System : CIRCULATORY Disease : PULMONARY HEART DISEASE(ICPC-K82|ICD-I27, I28) Research Status : Published Work Sub Category : CLINICAL RESEARCH EVIDENCE GRADE C Journal : Journal Of Ayurveda"
ARP_AYU000411,CLINICAL RESEARCH AYURVEDA Downloads: 0 CLINICAL STUDY OF KASISADI VARTI IN THE MANAGEMENT OF PICHCHHILA YONI W.S.R. ABNORMAL VAGINAL DISCHARGE. ARP ID : ARP_AYU000411 PubMed ID : NI Doi : No Reference Type : JOURNAL ARTICLE Body System : FEMALE GENITAL SYSTEM INCLUDING BREAST Disease : LEUCORRHEA (ICD-N89.8) Research Status : Published Work Sub Category : CLINICAL RESEARCH EVIDENCE GRADE C Journal : Journal Of Ayurveda
ARP_AYU000412,"CLINICAL RESEARCH AYURVEDA Downloads: 0 EFFECT OF MEDHUMEHARI CHURNA (A HERBAL PREPARATION) IN DIABETES MELLITUS TYPE II- A CASE SERIES STUDY. ARP ID : ARP_AYU000412 PubMed ID : NI Doi : No Reference Type : JOURNAL ARTICLE Body System : ENDOCRINE / METABOLIC AND NUTRITIONAL Disease : DIABETES NON-INSULIN DEPENDENT(ICPC-T90|ICD-E11, E12, E13, E14) Research Status : Published Work Sub Category : CLINICAL RESEARCH EVIDENCE GRADE C Journal : Journal Of Ayurveda"
ARP_AYU000429,"CLINICAL RESEARCH AYURVEDA Downloads: 0 CLINICAL EVALUATION OFGOMUTRA BHAVITA METHIKA BEEJ CHOORNA AND SUKSHMA VYAYAMAIN CARDINAL SYMPTOMS OF NON INSULIN DEPENDENT DIABETES MELLITUS. ARP ID : ARP_AYU000429 PubMed ID : NI Doi : No Reference Type : JOURNAL ARTICLE Body System : ENDOCRINE / METABOLIC AND NUTRITIONAL Disease : DIABETES NON-INSULIN DEPENDENT(ICPC-T90|ICD-E11, E12, E13, E14) Research Status : Published Work Sub Category : CLINICAL RESEARCH EVIDENCE GRADE B Journal : Journal Of Ayurveda"
ARP_AYU000430,CLINICAL RESEARCH AYURVEDA Downloads: 1 CLINICAL EVALUATION OF BILVADI LEHA IN THE MANAGEMENT OF GRAHANI DOSHA WITH SPECIAL REFERENCE IRRITABLE BOWEL SYNDROME (IBS). ARP ID : ARP_AYU000430 PubMed ID : NI Doi : No Reference Type : JOURNAL ARTICLE Body System : DIGESTIVE Disease : IRRITABLE BOWEL SYNDROME(ICPC-D93|ICD-K58) Research Status : Published Work Sub Category : CLINICAL RESEARCH EVIDENCE GRADE C Journal : Journal Of Ayurveda
ARP_AYU000431,CLINICAL RESEARCH AYURVEDA Downloads: 0 EFFECT OF MOORCHITA TILA TAILA SHAMANA SNEHA AND NAVAKA GUGGULU IN HYPERLIPIDEMIA A COMPARATIVE CLINCIAL TRIAL. ARP ID : ARP_AYU000431 PubMed ID : NI Doi : No Reference Type : JOURNAL ARTICLE Body System : ENDOCRINE / METABOLIC AND NUTRITIONAL Disease : LIPID DISORDER(ICPC-T93|ICD-E78) Research Status : Published Work Sub Category : CLINICAL RESEARCH EVIDENCE GRADE C Journal : Journal Of Ayurveda
ARP_AYU000432,"CLINICAL RESEARCH AYURVEDA Downloads: 0 A COMPARATIVE STUDY ON KATAK KHADIRADI KASHYAYAM AND NIRURYADI GULIKA IN THE MANAGEMENT OF MADHUMEHA W.S.R. TO HYPERGLYCEMIA. ARP ID : ARP_AYU000432 PubMed ID : NI Doi : No Reference Type : JOURNAL ARTICLE Body System : ENDOCRINE / METABOLIC AND NUTRITIONAL Disease : DIABETES NON-INSULIN DEPENDENT(ICPC-T90|ICD-E11, E12, E13, E14) Research Status : Published Work Sub Category : CLINICAL RESEARCH EVIDENCE GRADE C Journal : Journal Of Ayurveda"
ARP_AYU000433,"CLINICAL RESEARCH AYURVEDA Downloads: 0 CLINICAL STUDY TO EVALUATE THE EFFECT OF BRAHMI GHRITA UTTARA BASTI IN VANDHYATVA W.S.R. TO FEMALE INFERTILITY. ARP ID : ARP_AYU000433 PubMed ID : NI Doi : No Reference Type : JOURNAL ARTICLE Body System : FEMALE GENITAL SYSTEM INCLUDING BREAST Disease : FEMALE INFERTILITY/SUBFERTILITY (ICPC-W15|ICD-N97.0, N97.1, N97.2, N97.3, N97.4, N97.8, N97.9) Research Status : Published Work Sub Category : CLINICAL RESEARCH EVIDENCE GRADE C Journal : Journal Of Ayurveda"
ARP_AYU000434,"CLINICAL RESEARCH AYURVEDA Downloads: 0 STUDY ON THE IMMUNOMODULATOR EFFECT OF MADHUYASHTI SYRUP IN CHILDREN. ARP ID : ARP_AYU000434 PubMed ID : NI Doi : No Reference Type : JOURNAL ARTICLE Body System : GENERAL/UNSPECIFIED Disease : HEALTH MAINT/PREVENTIVE MEDICINE(ICPC-A98|ICD-Z01, Z10, Z11, Z12, Z13, Z40, Z70) Research Status : Published Work Sub Category : CLINICAL RESEARCH EVIDENCE GRADE B Journal : Journal Of Ayurveda"
ARP_AYU000435,CLINICAL RESEARCH AYURVEDA Downloads: 0 STUDY ON THE MANAGEMENT OF SPASTICITY IN CHILDREN SUFFERING FROM CEREBRAL PALSY WITH AN AYURVEDIC COMPOUND ANDYOGIC POSTURES (ASANAS). ARP ID : ARP_AYU000435 PubMed ID : NI Doi : No Reference Type : JOURNAL ARTICLE Body System : NEUROLOGICAL Disease : CEREBRAL PALSY (ICD-G80.9) Research Status : Published Work Sub Category : CLINICAL RESEARCH EVIDENCE GRADE C Journal : Journal Of Ayurveda
ARP_AYU000436,CLINICAL RESEARCH AYURVEDA Downloads: 0 A FUNDAMENTAL AND CLINICAL STUDY OF VISHESHA-SIDDHANTA WITH SPECIAL REFERENCE TO AMLAPITTA. ARP ID : ARP_AYU000436 PubMed ID : NI Doi : No Reference Type : JOURNAL ARTICLE Body System : DIGESTIVE Disease : HYPERACIDITY(ICD-K31.8) Research Status : Published Work Sub Category : CLINICAL RESEARCH EVIDENCE GRADE C Journal : Journal Of Ayurveda
ARP_AYU000437,"CLINICAL RESEARCH AYURVEDA Downloads: 0 A CLINICAL STUDY TO EVALUATE THE EFFICACY OF VAMANA AND NASYA KARMA IN THE MANAGEMENT OF PEENASA W.S.R. TO SINUSITIS. ARP ID : ARP_AYU000437 PubMed ID : NI Doi : No Reference Type : JOURNAL ARTICLE Body System : RESPIRATORY Disease : SINUSITIS ACUTE/CHRONIC(ICPC-R75|ICD-J01, J32) Research Status : Published Work Sub Category : CLINICAL RESEARCH EVIDENCE GRADE C Journal : Journal Of Ayurveda"
ARP_AYU000438,CLINICAL RESEARCH AYURVEDA Downloads: 0 ROLE OF AGNIKARMA IN THE MANAGEMENT OF PLANTAR FASCIITIS. ARP ID : ARP_AYU000438 PubMed ID : NI Doi : No Reference Type : JOURNAL ARTICLE Body System : MUSCULOSKELETAL Disease : FIBROBLASTIC DISORDERS (ICD-M72) Research Status : Published Work Sub Category : CLINICAL RESEARCH EVIDENCE GRADE B Journal : Journal Of Ayurveda
ARP_AYU000439,"CLINICAL RESEARCH AYURVEDA Downloads: 0 A CLINICAL STUDY OF MM 21 (FORMULATED HYPOTHETICAL COMPOUND) IN THE MANAGEMENT OF MADHUMEHA (DIABETES MELLITUS TYPE-2). ARP ID : ARP_AYU000439 PubMed ID : NI Doi : No Reference Type : JOURNAL ARTICLE Body System : ENDOCRINE / METABOLIC AND NUTRITIONAL Disease : DIABETES NON-INSULIN DEPENDENT(ICPC-T90|ICD-E11, E12, E13, E14) Research Status : Published Work Sub Category : CLINICAL RESEARCH EVIDENCE GRADE C Journal : Journal Of Ayurveda"
ARP_AYU000440,"CLINICAL RESEARCH AYURVEDA Downloads: 0 AN ANTITOXIC STUDY OF SIDHARTHAKADI AGAD IN DUSHIVISHJANYA VIKAR WITH SPECIAL REFERENCE TO ALLERGIC ERUPTIVE DISORDERS OF THE SKIN. ARP ID : ARP_AYU000440 PubMed ID : NI Doi : No Reference Type : JOURNAL ARTICLE Body System : SKIN Disease : DERMATITIS CONTACT/ALLERGIC(ICPC-S88|ICD-L23, L24, L25, L27.2, L27.8, L27.9, L30.0, L30.3, L30.4, L30.8, L30.9) Research Status : Published Work Sub Category : CLINICAL RESEARCH EVIDENCE GRADE C Journal : Journal Of Ayurveda"
ARP_AYU000441,CLINICAL RESEARCH AYURVEDA Downloads: 0 THE EFFECT OF VAMANA KARMA WITH KUTAJA (VATSAKA) BEEJA YOGA IN THE MANAGEMENT OF MEDOROGA W.S.R TO DYSLIPIDEMIA. ARP ID : ARP_AYU000441 PubMed ID : NI Doi : No Reference Type : JOURNAL ARTICLE Body System : ENDOCRINE / METABOLIC AND NUTRITIONAL Disease : LIPID DISORDER(ICPC-T93|ICD-E78) Research Status : Published Work Sub Category : CLINICAL RESEARCH EVIDENCE GRADE C Journal : Journal Of Ayurveda
ARP_AYU000442,CLINICAL RESEARCH AYURVEDA Downloads: 0 AYURVEDIC MANAGEMENT OF MEDO VRIDDHI W.S.R. IN HYPERCHOLESTEROLEMIA - A CASE REPORT. ARP ID : ARP_AYU000442 PubMed ID : NI Doi : No Reference Type : JOURNAL ARTICLE Body System : ENDOCRINE / METABOLIC AND NUTRITIONAL Disease : LIPID DISORDER(ICPC-T93|ICD-E78) Research Status : Published Work Sub Category : CLINICAL RESEARCH EVIDENCE GRADE C Journal : Journal Of Ayurveda
ARP_AYU000444,"CLINICAL RESEARCH AYURVEDA Downloads: 0 A CASE REPORT: MANAGEMENT OF YAKRITDALYAUDAR (CIRRHOSIS OF LIVER) & JALODAR (ASCITES). ARP ID : ARP_AYU000444 PubMed ID : NI Doi : No Reference Type : JOURNAL ARTICLE Body System : DIGESTIVE Disease : LIVER DISEASE NOS(ICPC-D97|ICD-B58.1, B94.2, K70, K71, K72, K73, K74, K75, K76, K77) Research Status : Published Work Sub Category : CLINICAL RESEARCH EVIDENCE GRADE C Journal : Journal Of Ayurveda"
ARP_AYU000445,"CLINICAL RESEARCH AYURVEDA Downloads: 0 EFFECT OF KATI BASTI, PATRA PINDA SVEDA AND BASTIKARMA IN THE MANAGEMENT OF GRIDHRASI (W.S.R TO SCIATICA) -A CASE STUDY. ARP ID : ARP_AYU000445 PubMed ID : NI Doi : No Reference Type : JOURNAL ARTICLE Body System : MUSCULOSKELETAL Disease : SCIATICA ((ICPC-L86|ICD-M54.3) Research Status : Published Work Sub Category : CLINICAL RESEARCH EVIDENCE GRADE C Journal : Journal Of Ayurveda"
ARP_AYU000446,CLINICAL RESEARCH AYURVEDA Downloads: 0 AYURVEDIC APPROACH IN THE MANAGEMENT OF AVABAHUKA (ADHESIVE CAPSULITIS STAGE 2) IN A DIABETIC PATIENT WITH PANCHATIKTAKA PRASRATIKA BASTI - A CASE REPORT. ARP ID : ARP_AYU000446 PubMed ID : NI Doi : No Reference Type : JOURNAL ARTICLE Body System : MUSCULOSKELETAL Disease : FROZEN SHOULDER(ICD-M 75.00) Research Status : Published Work Sub Category : CLINICAL RESEARCH EVIDENCE GRADE C Journal : Journal Of Ayurveda
ARP_AYU000447,"CLINICAL RESEARCH AYURVEDA Downloads: 0 THERAPEUTIC EVALUATION OF NASYAKARMA (MEDICINE GIVEN THROUGH NOSTRILS) IN FACIAL PARALYSIS (ARDITA) ARP ID : ARP_AYU000447 PubMed ID : NI Doi : No Reference Type : JOURNAL ARTICLE Body System : NEUROLOGICAL Disease : FACIAL PARALYSIS/BELL'S PALSY(ICPC-N91|ICD-G51, G53) Research Status : Published Work Sub Category : CLINICAL RESEARCH EVIDENCE GRADE C Journal : The Antiseptic"
ARP_AYU000448,CLINICAL RESEARCH AYURVEDA Downloads: 0 MANAGEMENT OF JAUNDICE WITH AYURVEDIC MEDICINE - A CASE STUDY. ARP ID : ARP_AYU000448 PubMed ID : NI Doi : No Reference Type : JOURNAL ARTICLE Body System : DIGESTIVE Disease : UNSPECIFIED JAUNDICE (ICD-R17) Research Status : Published Work Sub Category : CLINICAL RESEARCH EVIDENCE GRADE C Journal : Journal Of Ayurveda
ARP_AYU000464,CLINICAL RESEARCH AYURVEDA Downloads: 0 CLINICAL EVALUATION OF THE ROLE OF SANSHAMANA AND SANSHODHANA CHIKITSA IN THE MANAGEMENT OF PAKSHAGHAT (HEMIPLEGIA). ARP ID : ARP_AYU000464 PubMed ID : NI Doi : No Reference Type : JOURNAL ARTICLE Body System : NEUROLOGICAL Disease : CEREBRAL PALSY (ICD-G80.9) Research Status : Published Work Sub Category : CLINICAL RESEARCH EVIDENCE GRADE B Journal : Journal Of Ayurveda
ARP_AYU000465,"CLINICAL RESEARCH AYURVEDA Downloads: 0 CLINICAL EVALUATION OF PUSHKARADI COMPOUND IN RESPIRATORY ALLERGIC DISORDERS IN CHILDREN. ARP ID : ARP_AYU000465 PubMed ID : NI Doi : No Reference Type : JOURNAL ARTICLE Body System : RESPIRATORY Disease : RESPIRATORY DISEASE OTHER(ICPC-R99|ICD-J33, J34.1, J34.2, J34.3, J34.8, J38, J39, J47, J60, J61, J62, J63, J64, J65, J66, J67, J68, J69, J70, J80, J81, J82, J84, J92, J93, J96, J98, J99, Z90.2, Z94.2, Z94.3) Research Status : Published Work Sub Category : CLINICAL RESEARCH EVIDENCE GRADE B Journal : Journal Of Ayurveda"
ARP_AYU000467,CLINICAL RESEARCH AYURVEDA Downloads: 0 CLINICAL EVALUATION OF PATHYA AHARA AND AVIPATTIKARA CHURNA IN THE MANAGEMENT OF AMLAPITTA. ARP ID : ARP_AYU000467 PubMed ID : NI Doi : No Reference Type : JOURNAL ARTICLE Body System : DIGESTIVE Disease : HYPERACIDITY(ICD-K31.8) Research Status : Published Work Sub Category : CLINICAL RESEARCH EVIDENCE GRADE B Journal : Journal Of Ayurveda
ARP_ID,Research_Information
ARP_AYU000001,"CLINICAL RESEARCH AYURVEDA Downloads: 49 MANAGEMENT OF IRON DEFICIENCY ANAEMIA IN FEMALES BY PUNARNAVA MANDURA ARP ID : ARP_AYU000001 PubMed ID : NI Doi : No Reference Type : JOURNAL ARTICLE Body System : BLOOD, BLOOD FORMING ORGANS AND IMMUNE MECHANISM Disease : IRON DEFICIENCY ANAEMIA(ICPC-B80|ICD-D50) Research Status : Published Work Sub Category : CLINICAL RESEARCH EVIDENCE GRADE C Journal : Journal Of Ayurveda"
ARP_AYU000002,"CLINICAL RESEARCH AYURVEDA Downloads: 5 LAJA MANDA & PEYA: A STUDY ON REHYDRATION & NUTRITIONAL EFFECT IN INFANTILE DIARRHOEA ARP ID : ARP_AYU000002 PubMed ID : NI Doi : No Reference Type : JOURNAL ARTICLE Body System : DIGESTIVE Disease : GASTROINTESTINAL INFECTION(ICPC-D70|ICD-A00, A01, A02, A03, A04, A05, A06, A07, A08, A09) Research Status : Published Work Sub Category : CLINICAL RESEARCH EVIDENCE GRADE B Journal : Journal Of Ayurveda"
ARP_AYU000003,"CLINICAL RESEARCH AYURVEDA Downloads: 4 EFFICACY OF AYURVEDIC MEDICINE IN THE TREATMENT OF ORAL LEUCOPLAKIA - A RANDOMIZED, SINGLE BLIND STUDY ARP ID : ARP_AYU000003 PubMed ID : NI Doi : No Reference Type : JOURNAL ARTICLE Body System : DIGESTIVE Disease : MOUTH/TONGUE/LIP DISEASE(ICPC-D83|ICD-A69.0, A69.1, B00.2, B37.0, K11, K12, K13, K14) Research Status : Published Work Sub Category : CLINICAL RESEARCH EVIDENCE GRADE B Journal : Journal Of Ayurveda"
ARP_AYU000004,"CLINICAL RESEARCH AYURVEDA Downloads: 6 CLINICAL EVALUATION OF VANGA BHASMA PREPARED BY TWO DIFFERENT METHODS IN THE MANAGEMENT OF MADHUMEHA (DIABETES MELLITUS) ARP ID : ARP_AYU000004 PubMed ID : NI Doi : No Reference Type : JOURNAL ARTICLE Body System : ENDOCRINE / METABOLIC AND NUTRITIONAL Disease : DIABETES NON-INSULIN DEPENDENT(ICPC-T90|ICD-E11, E12, E13, E14) Research Status : Published Work Sub Category : CLINICAL RESEARCH EVIDENCE GRADE C Journal : Journal Of Ayurveda"
ARP_AYU000005,CLINICAL RESEARCH AYURVEDA Downloads: 6 VATARAKTA – A CLINICAL STUDY ARP ID : ARP_AYU000005 PubMed ID : NI Doi : No Reference Type : JOURNAL ARTICLE Body System : ENDOCRINE / METABOLIC AND NUTRITIONAL Disease : GOUT(ICPC-T92|ICD-M10) Research Status : Published Work Sub Category : CLINICAL RESEARCH EVIDENCE GRADE B Journal : Journal Of Ayurveda
ARP_AYU000006,"CLINICAL RESEARCH AYURVEDA Downloads: 2 A STUDY ON COMBINED EFFECT OF SHAALA, MUNDI & NAADIHINGU ON HYPERLIPOPROTIENAMIA ARP ID : ARP_AYU000006 PubMed ID : NI Doi : No Reference Type : JOURNAL ARTICLE Body System : ENDOCRINE / METABOLIC AND NUTRITIONAL Disease : LIPID DISORDER(ICPC-T93|ICD-E78) Research Status : Published Work Sub Category : CLINICAL RESEARCH EVIDENCE GRADE C Journal : Journal Of Ayurveda"
ARP_AYU000007,CLINICAL RESEARCH AYURVEDA Downloads: 4 CLINICAL EVALUATION OF HARIDRA & CHITRAK IN THE MANAGEMENT OF MEDOROGA (OBESITY) ARP ID : ARP_AYU000007 PubMed ID : NI Doi : No Reference Type : JOURNAL ARTICLE Body System : ENDOCRINE / METABOLIC AND NUTRITIONAL Disease : OBESITY(ICPC-T82|ICD-E66) Research Status : Published Work Sub Category : CLINICAL RESEARCH EVIDENCE GRADE B Journal : Journal Of Ayurveda
ARP_AYU000008,"CLINICAL RESEARCH AYURVEDA Downloads: 1 ROLE OF ALAMBUSHADI GHANAVATI IN THE MANAGEMENT OF AMAVATA WITH SPECIAL REFERENCE TO RHEUMATOID ARTHRITIS. ARP ID : ARP_AYU000008 PubMed ID : NI Doi : No Reference Type : JOURNAL ARTICLE Body System : MUSCULOSKELETAL Disease : RHEUMATOID/SEROPOSITIVE ARTHRITIS(ICPC-L88|ICD-M05, M06, M08, M45) Research Status : Published Work Sub Category : CLINICAL RESEARCH EVIDENCE GRADE C Journal : Journal Of Ayurveda"
ARP_AYU000009,"CLINICAL RESEARCH AYURVEDA Downloads: 2 EFFECTIVENESS OF HEALING ENERGY ON SIGNIFICANTLY LOWERING BLOOD GLUCOSE IN DIABETIC PATIENTS: A PILOT STUDY REPORT. ARP ID : ARP_AYU000009 PubMed ID : NI Doi : No Reference Type : JOURNAL ARTICLE Body System : ENDOCRINE / METABOLIC AND NUTRITIONAL Disease : DIABETES NON-INSULIN DEPENDENT(ICPC-T90|ICD-E11, E12, E13, E14) Research Status : Published Work Sub Category : CLINICAL RESEARCH EVIDENCE GRADE C Journal : Journal Of Ayurveda"
ARP_AYU000010,CLINICAL RESEARCH AYURVEDA Downloads: 9 CLINICAL EVALUATION OF HYPOLIPIDAEMIC ACTIVITIES OF CERTAIN HERBO-MINERAL DRUGS WITH SPECIAL REFERENCE TO OBESITY ARP ID : ARP_AYU000010 PubMed ID : NI Doi : No Reference Type : JOURNAL ARTICLE Body System : ENDOCRINE / METABOLIC AND NUTRITIONAL Disease : OBESITY(ICPC-T82|ICD-E66) Research Status : Published Work Sub Category : CLINICAL RESEARCH EVIDENCE GRADE B Journal : Journal Of Ayurveda
ARP_AYU000012,CLINICAL RESEARCH AYURVEDA Downloads: 0 A COMPARATIVE STUDY ON THE EFFECT OF TRIYUSHANADI ANJANA AND SODIUM CROMOGLYCATE 2% EYE DROPS ON KAPHAJA ABHISHYANDA W.S.R. TO SPRING CATARRH ARP ID : ARP_AYU000012 PubMed ID : NI Doi : No Reference Type : JOURNAL ARTICLE Body System : EYE Disease : CONJUNCTIVITIS ALLERGIC(ICPC-F71|ICD-H10.1) Research Status : Published Work Sub Category : CLINICAL RESEARCH EVIDENCE GRADE B Journal : Journal Of Ayurveda
ARP_AYU000013,"CLINICAL RESEARCH AYURVEDA Downloads: 0 EFFECT OF SHATADHAUT GHRIT IN THE MANAGEMENT OF PATHOLOGICAL LEUCORRHOEA WITH SPECIAL REFERENCE TO MANAGEMNET OF PITTAJA YONIVYAPAD ARP ID : ARP_AYU000013 PubMed ID : NI Doi : No Reference Type : JOURNAL ARTICLE Body System : FEMALE GENITAL SYSTEM INCLUDING BREAST Disease : VAGINAL DISCHARGE(ICPC-X14|ICD-N89.8,A59) Research Status : Published Work Sub Category : CLINICAL RESEARCH EVIDENCE GRADE B Journal : Journal Of Ayurveda"
ARP_AYU000014,CLINICAL RESEARCH AYURVEDA Downloads: 1 A COMPARATIVE STUDY ON ROLE OF SHIRODHARA & JATAMAMSI IN THE MANAGEMENT OF VATIKA SHIRAH SHOOLA W.S.R. TO TENSION HEAD ACHE ARP ID : ARP_AYU000014 PubMed ID : NI Doi : No Reference Type : JOURNAL ARTICLE Body System : GENERAL/UNSPECIFIED Disease : HEADACHE (ICPC-N01|ICD-R51) Research Status : Published Work Sub Category : CLINICAL RESEARCH EVIDENCE GRADE B Journal : Journal Of Ayurveda
ARP_AYU000016,"CLINICAL RESEARCH AYURVEDA Downloads: 1 EFFECT OF INTERVENTION OF AYURVEDA & PRACTICAL IMPLEMENTATION OF SHADCHAKRAS (PRANIC HEALING) AN INDIGENOUS APPROACH AS CO-THERAPY WITH CHEMOTHERAPY & RADIOTHERAPY FOR PHYSICAL & MENTAL WELL BEING OF CANCER PATIENTS - A CLINICAL STUDY ARP ID : ARP_AYU000016 PubMed ID : NI Doi : No Reference Type : JOURNAL ARTICLE Body System : GENERAL/UNSPECIFIED Disease : MALIGNANCY NOS(ICPC-A79|ICD-C38.1, C38.2, C38.3, C38.8, C45.7, C45.9, C46.7, C46.8, C46.9, C76, C78, C79, C80, C97, D09.7, D09.9) Research Status : Published Work Sub Category : CLINICAL RESEARCH EVIDENCE GRADE B Journal : Journal Of Ayurveda"
ARP_AYU000017,"CLINICAL RESEARCH AYURVEDA Downloads: 0 EVALUATION OF CLINICAL RESPONSE OF CARCINOLYT (HERBAL NUTRIENTS0 TO CONTROL ADVERSE EFFECTS OF RADIOTHERAPY IN CANCER ARP ID : ARP_AYU000017 PubMed ID : NI Doi : No Reference Type : JOURNAL ARTICLE Body System : GENERAL/UNSPECIFIED Disease : MALIGNANCY NOS(ICPC-A79|ICD-C38.1, C38.2, C38.3, C38.8, C45.7, C45.9, C46.7, C46.8, C46.9, C76, C78, C79, C80, C97, D09.7, D09.9) Research Status : Published Work Sub Category : CLINICAL RESEARCH EVIDENCE GRADE B Journal : Journal Of Ayurveda"
ARP_AYU000018,"CLINICAL RESEARCH AYURVEDA Downloads: 0 TAMING THE SIDE EFFECTS OF RADIOTHERAPY IN ORAL CARCINOMA PATIENTS WITH HELP OF AYURVEDIC MEDICINE (CLINICAL STUDY) ARP ID : ARP_AYU000018 PubMed ID : NI Doi : No Reference Type : JOURNAL ARTICLE Body System : GENERAL/UNSPECIFIED Disease : MALIGNANCY NOS(ICPC-A79|ICD-C38.1, C38.2, C38.3, C38.8, C45.7, C45.9, C46.7, C46.8, C46.9, C76, C78, C79, C80, C97, D09.7, D09.9) Research Status : Published Work Sub Category : CLINICAL RESEARCH EVIDENCE GRADE C Journal : Journal Of Ayurveda"
ARP_AYU000021,"CLINICAL RESEARCH AYURVEDA Downloads: 0 A CLINICAL EVALUATION OF RASNADI GUGGULU & KATIBASTI IN KATISHOOL (W.S.R. TO LUMBO-SACRAL DISORDERS) ARP ID : ARP_AYU000021 PubMed ID : NI Doi : No Reference Type : JOURNAL ARTICLE Body System : MUSCULOSKELETAL Disease : BACK SYNDROME WITH RADIATING PAIN(ICPC-L86|ICD-M47.1, M47.2, M51, M54.3, M54.4) Research Status : Published Work Sub Category : CLINICAL RESEARCH EVIDENCE GRADE C Journal : Journal Of Ayurveda"
ARP_AYU000022,CLINICAL RESEARCH AYURVEDA Downloads: 0 CLINICAL STUDY OF THE ROLE OF AN AYURVEDIC COMPOUND (MANAS NIYAMAK YOGA) AND SHIRODHARA IN THE MANAGEMENT OF ADHD IN CHILDREN ARP ID : ARP_AYU000022 PubMed ID : NI Doi : No Reference Type : JOURNAL ARTICLE Body System : PSYCHOLOGICAL Disease : HYPERKINETIC DISORDER(ICPC-P81|ICD-F90) Research Status : Published Work Sub Category : CLINICAL RESEARCH EVIDENCE GRADE A Journal : Journal Of Ayurveda
ARP_AYU000023,CLINICAL RESEARCH AYURVEDA Downloads: 0 CLINICAL STUDY TO ASSESS THE ROLE OF SHRINGYADI YOG IN RESPIRATORY ALLERGIC DISORDERS OF CHILDREN ARP ID : ARP_AYU000023 PubMed ID : NI Doi : No Reference Type : JOURNAL ARTICLE Body System : RESPIRATORY Disease : ALLERGIC RHINITIS(ICPC-R97|ICD-J30) Research Status : Published Work Sub Category : CLINICAL RESEARCH EVIDENCE GRADE B Journal : Journal Of Ayurveda
ARP_AYU000024,CLINICAL RESEARCH AYURVEDA Downloads: 0 CLINICAL STUDY TO ASSESS THE EFFICACY OF SHIRISHADI COMPOUND IN RESPIRATORY ALLERGIC DISORDERS OF CHILDREN ARP ID : ARP_AYU000024 PubMed ID : NI Doi : No Reference Type : JOURNAL ARTICLE Body System : RESPIRATORY Disease : ALLERGIC RHINITIS(ICPC-R97|ICD-J30) Research Status : Published Work Sub Category : CLINICAL RESEARCH EVIDENCE GRADE A Journal : Journal Of Ayurveda
ARP_AYU000025,"CLINICAL RESEARCH AYURVEDA Downloads: 0 A CLINICAL STUDY ON THE ROLE OF SHIRISHADYAVALEHA AND VIRECHANA IN THE MANAGEMENT OF TAMAKASHVASA ARP ID : ARP_AYU000025 PubMed ID : NI Doi : No Reference Type : JOURNAL ARTICLE Body System : RESPIRATORY Disease : ASTHMA(ICPC-R96|ICD-J45, J46) Research Status : Published Work Sub Category : CLINICAL RESEARCH EVIDENCE GRADE B Journal : Journal Of Ayurveda"
ARP_AYU000026,"CLINICAL RESEARCH AYURVEDA Downloads: 0 CLINICAL STUDY ON THE ROLE OF VASAKANTAKARYADI YOG AND SNEHANA-SWEDANA IN THE MANAGEMENT OF BRONCHIAL ASTHMA IN CHILDREN ARP ID : ARP_AYU000026 PubMed ID : NI Doi : No Reference Type : JOURNAL ARTICLE Body System : RESPIRATORY Disease : ASTHMA(ICPC-R96|ICD-J45, J46) Research Status : Published Work Sub Category : CLINICAL RESEARCH EVIDENCE GRADE B Journal : Journal Of Ayurveda"
ARP_AYU000027,"CLINICAL RESEARCH AYURVEDA Downloads: 0 ROLE OF AYURVEDIC DRUGS IN THE MANAGEMENT OF TUNDIKERI W.S.R. TO TONSILLITIS. ARP ID : ARP_AYU000027 PubMed ID : NI Doi : No Reference Type : JOURNAL ARTICLE Body System : RESPIRATORY Disease : TONSILLITIS ACUTE(ICPC-R76|ICD-J03.8, J03.9, J36) Research Status : Published Work Sub Category : CLINICAL RESEARCH EVIDENCE GRADE C Journal : Journal Of Ayurveda"
ARP_AYU000028,CLINICAL RESEARCH AYURVEDA Downloads: 0 A CLINICAL STUDY TO ASSESS THE EFFICACY OF SUKTYADI YOG IN RICKETS. ARP ID : ARP_AYU000028 PubMed ID : NI Doi : No Reference Type : JOURNAL ARTICLE Body System : ENDOCRINE / METABOLIC AND NUTRITIONAL Disease : RICKETS (ICD-E55.0) Research Status : Published Work Sub Category : CLINICAL RESEARCH EVIDENCE GRADE C Journal : Journal Of Ayurveda
ARP_AYU000029,CLINICAL RESEARCH AYURVEDA Downloads: 0 EFFECT OF CLASSICAL VAMANOTTARA VIRECHANA KARMA FOLLOWED BY SOME AYURVEDA MEDICINE IN THE MANAGEMENT OF PSORIASIS: A CASE STUDY. ARP ID : ARP_AYU000029 PubMed ID : NI Doi : No Reference Type : JOURNAL ARTICLE Body System : SKIN Disease : PSORIASIS(ICPC-S91|ICD-L40) Research Status : Published Work Sub Category : CLINICAL RESEARCH EVIDENCE GRADE C Journal : Journal Of Ayurveda
ARP_AYU000030,"CLINICAL RESEARCH AYURVEDA Downloads: 1 COMPARATIVE STUDY OF YAUGIC KARMA (DHAUTI-PRANAYAMA) & VASAVALEHA IN TAMAKA SHWASA ARP ID : ARP_AYU000030 PubMed ID : NI Doi : No Reference Type : JOURNAL ARTICLE Body System : RESPIRATORY Disease : ASTHMA(ICPC-R96|ICD-J45, J46) Research Status : Published Work Sub Category : CLINICAL RESEARCH EVIDENCE GRADE B Journal : Journal Of Ayurveda"
ARP_AYU000031,"CLINICAL RESEARCH AYURVEDA Downloads: 0 A STUDY ON THE EFFECT OF SRI BAHUSALA GUDAM AS NAIMITTIKA RASAYANA IN THE MANAGEMENT OF INDUSTRIAL HAZARDS W.S.R. TO TAMAKA SWASA ARP ID : ARP_AYU000031 PubMed ID : NI Doi : No Reference Type : JOURNAL ARTICLE Body System : RESPIRATORY Disease : ASTHMA(ICPC-R96|ICD-J45, J46) Research Status : Published Work Sub Category : CLINICAL RESEARCH EVIDENCE GRADE C Journal : Journal Of Ayurveda"
ARP_AYU000032,"CLINICAL RESEARCH AYURVEDA Downloads: 0 CLINICAL EVALUATION OF SHIREESHADI GHANAVATI IN THE DISEASE TAMAKA SHWASA ARP ID : ARP_AYU000032 PubMed ID : NI Doi : No Reference Type : JOURNAL ARTICLE Body System : RESPIRATORY Disease : ASTHMA(ICPC-R96|ICD-J45, J46) Research Status : Published Work Sub Category : CLINICAL RESEARCH EVIDENCE GRADE C Journal : Journal Of Ayurveda"
ARP_AYU000033,"CLINICAL RESEARCH AYURVEDA Downloads: 0 TREATMENT OF ASTHMA IN CHILDREN WITH SHVAS-KAS-CHINTAMANI RAS (SKCR) ARP ID : ARP_AYU000033 PubMed ID : NI Doi : No Reference Type : JOURNAL ARTICLE Body System : RESPIRATORY Disease : ASTHMA(ICPC-R96|ICD-J45, J46) Research Status : Published Work Sub Category : CLINICAL RESEARCH EVIDENCE GRADE C Journal : Journal Of Ayurveda"
ARP_AYU000034,CLINICAL RESEARCH AYURVEDA Downloads: 0 A COMPARATIVE CLINICAL STUDY OF GUDUCHI GHANA PREPARED BY KWATHA AND AQUEOUS EXTRACT ON EKAKUSTHA. ARP ID : ARP_AYU000034 PubMed ID : NI Doi : No Reference Type : JOURNAL ARTICLE Body System : SKIN Disease : PSORIASIS(ICPC-S91|ICD-L40) Research Status : Published Work Sub Category : CLINICAL RESEARCH EVIDENCE GRADE C Journal : Journal Of Ayurveda
ARP_AYU000035,CLINICAL RESEARCH AYURVEDA Downloads: 0 EFFECT OF SEMECARPUS ANACARDIUM LINN. (BHALLATAKA) IN THE MANAGEMENT OF SKIN DISEASES W.S.R. TO PSORIASIS ARP ID : ARP_AYU000035 PubMed ID : NI Doi : No Reference Type : JOURNAL ARTICLE Body System : SKIN Disease : PSORIASIS(ICPC-S91|ICD-L40) Research Status : Published Work Sub Category : CLINICAL RESEARCH EVIDENCE GRADE C Journal : Journal Of Ayurveda
ARP_AYU000036,CLINICAL RESEARCH AYURVEDA Downloads: 0 DERMATOMYOSITIS: A COMBINED APPROACH BY PANCHAKARMA (A CASE STUDY). ARP ID : ARP_AYU000036 PubMed ID : NI Doi : No Reference Type : JOURNAL ARTICLE Body System : MUSCULOSKELETAL Disease : DERMATOMYOSITIS (ICD-M33.10) Research Status : Published Work Sub Category : CLINICAL RESEARCH EVIDENCE GRADE C Journal : Journal Of Ayurveda
ARP_AYU000037,"CLINICAL RESEARCH AYURVEDA Downloads: 1 A CLINICAL STUDY OF SHWITRA (VITILIGO) ARP ID : ARP_AYU000037 PubMed ID : NI Doi : No Reference Type : JOURNAL ARTICLE Body System : SKIN Disease : SKIN DISEASE OTHER(ICPC-S99|ICD-L10, L11, L12, L13, L14, L26, L28, L30.2, L30.5, L41, L43, L44, L45, L51, L52, L53.0, L53.1, L53.2, L53.3, L53.8, L54, L60.2, L60.3, L60.8, L68, L71, L72.0, L72.2, L72.8, L72.9, L73.0, L73.1, L73.8, L73.9, L80, L81.1, L81.4, L81.5, L81.6, L81.7, L81.8, L81.9, L82, L8) Research Status : Published Work Sub Category : CLINICAL RESEARCH EVIDENCE GRADE C Journal : Journal Of Ayurveda"
ARP_AYU000040,CLINICAL RESEARCH AYURVEDA Downloads: 0 A CLINICAL STUDY TO EVALUATE THE EFFICACY OF MEETHA NEEM (MURRAYA KOENIGII) IN MANAGEMENT OF AMLAPITTA WITH SPECIAL REFERENCE TO NON ULCER DYSPEPSIA ARP ID : ARP_AYU000040 PubMed ID : NI Doi : No Reference Type : JOURNAL ARTICLE Body System : DIGESTIVE Disease : FLATULENCE/GAS/BELCHING (ICPC-D08| ICD-R14) Research Status : Published Work Sub Category : CLINICAL RESEARCH EVIDENCE GRADE C Journal : Journal Of Ayurveda
ARP_AYU000041,"CLINICAL RESEARCH AYURVEDA Downloads: 0 A CLINICAL EVALUATION OF AGNIKARMA IN SANDHIGATA VATA W.S.R. TO CERVICAL SPONDYLOSIS ARP ID : ARP_AYU000041 PubMed ID : NI Doi : No Reference Type : JOURNAL ARTICLE Body System : MUSCULOSKELETAL Disease : NECK SYNDROME(ICPC-L83|ICD-M43.3, M43.4, M43.6, M47.8, M47.9, M48, M50, M53.0, M53.1) Research Status : Published Work Sub Category : CLINICAL RESEARCH EVIDENCE GRADE C Journal : Journal Of Ayurveda"
ARP_AYU000042,"CLINICAL RESEARCH AYURVEDA Downloads: 0 VERACITY OF SUVARNA BHASMA (GOLD ASH) AN INDIGENOUS AYURVEDIC PREPARATION, AS A THERAPEUTIC AGENT FOR MALE INFERTILITY ARP ID : ARP_AYU000042 PubMed ID : NI Doi : No Reference Type : JOURNAL ARTICLE Body System : MALE GENITAL Disease : MALE INFERTILITY/SUBFERTILITY (ICPC-Y10|ICD-N46, Z31.0, Z31.4, Z31.6, Z31.8, Z31.9) Research Status : Published Work Sub Category : CLINICAL RESEARCH EVIDENCE GRADE C Journal : Journal Of Ayurveda"
ARP_AYU000043,CLINICAL RESEARCH AYURVEDA Downloads: 0 A CLINICAL STUDY ON THE ROLE OF INDIGENOUS FORMULATION ON ARSHA (PILES) ARP ID : ARP_AYU000043 PubMed ID : NI Doi : No Reference Type : JOURNAL ARTICLE Body System : DIGESTIVE Disease : HAEMORRHOIDS(ICD-K64.8) Research Status : Published Work Sub Category : CLINICAL RESEARCH EVIDENCE GRADE C Journal : Journal Of Ayurveda
ARP_AYU000046,CLINICAL RESEARCH AYURVEDA Downloads: 0 ROLE OF AMALAKI RASAYANA AND MUKTA PISHTI IN PITTA SHAMAN - A COMPARATIVE STUDY ARP ID : ARP_AYU000046 PubMed ID : NI Doi : No Reference Type : JOURNAL ARTICLE Body System : DIGESTIVE Disease : FISTULA IN ANO (ICD-K-60.3) Research Status : Published Work Sub Category : CLINICAL RESEARCH EVIDENCE GRADE C Journal : Journal Of Ayurveda
ARP_AYU000048,"CLINICAL RESEARCH AYURVEDA Downloads: 0 CLINICAL EVALUATION OF THE ROLE OF CERTAIN HEPATO-PROTECTIVE DRUGS IN THE MANAGEMENT OF FATTY LIVER (FATTY LIVER DEGENERATION) ARP ID : ARP_AYU000048 PubMed ID : NI Doi : No Reference Type : JOURNAL ARTICLE Body System : DIGESTIVE Disease : LIVER DISEASE NOS(ICPC-D97|ICD-B58.1, B94.2, K70, K71, K72, K73, K74, K75, K76, K77) Research Status : Published Work Sub Category : CLINICAL RESEARCH EVIDENCE GRADE B Journal : Journal Of Ayurveda"
ARP_AYU000051,"CLINICAL RESEARCH AYURVEDA Downloads: 0 CLASSICAL RESEARCH WORK - CONDUCTED ON POOGTRIM IN MADHUMEHA ARP ID : ARP_AYU000051 PubMed ID : NI Doi : No Reference Type : JOURNAL ARTICLE Body System : ENDOCRINE / METABOLIC AND NUTRITIONAL Disease : DIABETES NON-INSULIN DEPENDENT(ICPC-T90|ICD-E11, E12, E13, E14) Research Status : Published Work Sub Category : CLINICAL RESEARCH EVIDENCE GRADE C Journal : Journal Of Ayurveda"
ARP_AYU000053,CLINICAL RESEARCH AYURVEDA Downloads: 0 RANDOMIZED CLINICAL TRIAL TO EVALUATE THE ROLE OF TRIPHALA GUGGULU SYRUP IN BALA ATI STHAULYA (CHILDHOOD OBESITY) ARP ID : ARP_AYU000053 PubMed ID : NI Doi : No Reference Type : JOURNAL ARTICLE Body System : ENDOCRINE / METABOLIC AND NUTRITIONAL Disease : OBESITY(ICPC-T82|ICD-E66) Research Status : Published Work Sub Category : CLINICAL RESEARCH EVIDENCE GRADE B Journal : Journal Of Ayurveda
ARP_AYU000054,"CLINICAL RESEARCH AYURVEDA Downloads: 0 THE ROLE OF INDIGENOUS RECIPE IN MANAGEMENT OF MALNUTRITION IN CHILDREN (PRE SCHOOL) ARP ID : ARP_AYU000054 PubMed ID : NI Doi : No Reference Type : JOURNAL ARTICLE Body System : ENDOCRINE / METABOLIC AND NUTRITIONAL Disease : VITAMIN/NUTRITIONAL DEFICIENCY(ICPC-T91|ICD-E40, E41, E42, E43, E44, E45, E46, E50, E51.1, E51.8, E51.9, E52, E53, E54, E55, E56, E58, E59, E60, E61, E63, E64) Research Status : Published Work Sub Category : CLINICAL RESEARCH EVIDENCE GRADE C Journal : Journal Of Ayurveda"
ARP_AYU000055,"CLINICAL RESEARCH AYURVEDA Downloads: 0 ROLE OF AYURVEDA IN ESTROGEN DOMINANCE SYNDROME W.S.R. TO EXPERIMENTAL SURVEY ON ESTROGEN DOMINANCE ARP ID : ARP_AYU000055 PubMed ID : NI Doi : No Reference Type : JOURNAL ARTICLE Body System : FEMALE GENITAL SYSTEM INCLUDING BREAST Disease : GENITAL DISEASE FEMALE OTHER(ICPC-X99|ICD-A55, A57, A58, A63.8, N61, N64.1, N64.2, N64.8, N75, N80, N82, N83, N84.0, N84.2, N84.3, N84.8, N84.9, N85, N89.0, N89.1, N89.2, N89.3, N89.4, N89.5, N89.6, N89.7, N90.0, N90.1, N90.2, N90.3, N90.4, N90.5, N90.6, N90.7, N90.8, N94.8, N94.9, N96, N98, Z90.) Research Status : Published Work Sub Category : CLINICAL RESEARCH EVIDENCE GRADE C Journal : Journal Of Ayurveda"
ARP_AYU000056,"CLINICAL RESEARCH AYURVEDA Downloads: 0 CLINIACAL MANAGEMENT OF KASHTARTAVA BY HINGU THRIGUNATAILA ORALLY WITH & WITHOUT DILATION & CURETTAGE (D & C) ARP ID : ARP_AYU000056 PubMed ID : NI Doi : No Reference Type : JOURNAL ARTICLE Body System : FEMALE GENITAL SYSTEM INCLUDING BREAST Disease : PAIN AND OTHER CONDITIONS ASSOCIATED WITH FEMALE GENITAL ORGANS AND MENSTRUAL CYCLE (ICPC-X01,X02, X03, X04|ICD-N94.0,N94.1,N94.2,N94.4,N94.5,N94.6) Research Status : Published Work Sub Category : CLINICAL RESEARCH EVIDENCE GRADE C Journal : Journal Of Ayurveda"
ARP_AYU000058,"CLINICAL RESEARCH AYURVEDA Downloads: 0 CLINICAL EVALUATION AND EFFECT OF THE ROLE OF VEG-CURE COMPOUND (KALPIT) IN THE MANAGEMENT OF TRIDOSHAJA YONIVYAPADA W.S.R. TO BACTERIAL VAGINOSIS ARP ID : ARP_AYU000058 PubMed ID : NI Doi : No Reference Type : JOURNAL ARTICLE Body System : FEMALE GENITAL SYSTEM INCLUDING BREAST Disease : PELVIC INFLAMMATORY DISEASE(ICPC-X74|ICD-N70, N71, N73, N74) Research Status : Published Work Sub Category : CLINICAL RESEARCH EVIDENCE GRADE B Journal : Journal Of Ayurveda"
ARP_AYU000068,"CLINICAL RESEARCH AYURVEDA Downloads: 0 A CLINICAL STUDY ON THE ROLE OF AYURVEDIC HERBAL COMPOUND IN THE MANAGEMENT OF THE PREMATURE EJACULATION ARP ID : ARP_AYU000068 PubMed ID : NI Doi : No Reference Type : JOURNAL ARTICLE Body System : MALE GENITAL Disease : SEXUAL DESIRE REDUCED (ICPC-P07|ICD-F52.0, F52.1, F52.2, F52.3, F52.4) Research Status : Published Work Sub Category : CLINICAL RESEARCH EVIDENCE GRADE B Journal : Journal Of Ayurveda"
ARP_AYU000069,"CLINICAL RESEARCH AYURVEDA Downloads: 1 COMPARATIVE EFFICACY OF RAKTAMOKSHANA & KATIVASTI IN GRIDHRASI (W.S.R. TO SCIATICA) ARP ID : ARP_AYU000069 PubMed ID : NI Doi : No Reference Type : JOURNAL ARTICLE Body System : MUSCULOSKELETAL Disease : BACK SYNDROME WITH RADIATING PAIN(ICPC-L86|ICD-M47.1, M47.2, M51, M54.3, M54.4) Research Status : Published Work Sub Category : CLINICAL RESEARCH EVIDENCE GRADE B Journal : Journal Of Ayurveda"
ARP_AYU000070,"CLINICAL RESEARCH AYURVEDA Downloads: 0 CLINICAL EVALUATION OF EFFICACY OF KATI BASTI AND RASNADI GUGGULU IN THE MANAGEMENT OF KATISHOOLA (LUMBAGO) ARP ID : ARP_AYU000070 PubMed ID : NI Doi : No Reference Type : JOURNAL ARTICLE Body System : MUSCULOSKELETAL Disease : BACK SYNDROME WITH RADIATING PAIN(ICPC-L86|ICD-M47.1, M47.2, M51, M54.3, M54.4) Research Status : Published Work Sub Category : CLINICAL RESEARCH EVIDENCE GRADE C Journal : Journal Of Ayurveda"
ARP_AYU000071,"CLINICAL RESEARCH AYURVEDA Downloads: 0 JANUVASTI, ELECTROTHERAPY & TRACTION IN THE MANAGEMENT OF JANU SANDHIGATA VATA UNDER INFLUENCE OF TRAYODASHANG GUGGULU ARP ID : ARP_AYU000071 PubMed ID : NI Doi : No Reference Type : JOURNAL ARTICLE Body System : MUSCULOSKELETAL Disease : OSTEOARTHROSIS OF KNEE(ICPC-L90|ICD-M17) Research Status : Published Work Sub Category : CLINICAL RESEARCH EVIDENCE GRADE B Journal : Journal Of Ayurveda"
ARP_AYU000072,"CLINICAL RESEARCH AYURVEDA Downloads: 0 A CLINICAL STUDY ON EFFICACY OF KUMARIMAJJA AND HARIDRA ON EPISIOTOMY WOUND ARP ID : ARP_AYU000072 PubMed ID : NI Doi : No Reference Type : JOURNAL ARTICLE Body System : PREGNANCY, CHILDBEARING, FAMILY PLANNING Disease : EPISIOTOMY (ICPC-W92| ICD-O90.1) Research Status : Published Work Sub Category : CLINICAL RESEARCH EVIDENCE GRADE C Journal : Journal Of Ayurveda"
ARP_AYU000073,CLINICAL RESEARCH AYURVEDA Downloads: 0 CLINICAL STUDY OF AN AYURVEDIC COMPOUND & SHIRODHARA IN THE MANAGEMENT OF ATTENTION - DEFICIT / HYPERACTIVITY DISORDER (AD/HD) AFFECTED CHILDREN ARP ID : ARP_AYU000073 PubMed ID : NI Doi : No Reference Type : JOURNAL ARTICLE Body System : PSYCHOLOGICAL Disease : HYPERKINETIC DISORDER(ICPC-P81|ICD-F90) Research Status : Published Work Sub Category : CLINICAL RESEARCH EVIDENCE GRADE B Journal : Journal Of Ayurveda
ARP_AYU000075,"CLINICAL RESEARCH AYURVEDA Downloads: 0 CLINICAL EVALUATION OF ROLE OF HERBAL NEBULIZER IN THE MANAGEMENT OF BRONCHIAL ASTHMA W.S.R. TO TAMAKA-SHWASA ARP ID : ARP_AYU000075 PubMed ID : NI Doi : No Reference Type : JOURNAL ARTICLE Body System : RESPIRATORY Disease : ASTHMA(ICPC-R96|ICD-J45, J46) Research Status : Published Work Sub Category : CLINICAL RESEARCH EVIDENCE GRADE C Journal : Journal Of Ayurveda"
ARP_AYU000077,"CLINICAL RESEARCH AYURVEDA Downloads: 0 RANDOMISED CONTROLLED STUDY ON THE ROLE OF A HERBAL FORMULATION (TAB-CARDI CARE) AND BASTI TREATMENT IN THE MANAGEMENT OF CORONORY ARTERY DISEASE (HRADYA ROG) ARP ID : ARP_AYU000077 PubMed ID : NI Doi : No Reference Type : JOURNAL ARTICLE Body System : CIRCULATORY Disease : ISCHAEMIC HEART DIS WITHOUT ANGINA(ICPC-K76|ICD-I24, I25) Research Status : Published Work Sub Category : CLINICAL RESEARCH EVIDENCE GRADE C Journal : Journal Of Ayurveda"
ARP_AYU000078,"CLINICAL RESEARCH AYURVEDA Downloads: 0 ROLE OF SARVANGASAN IN MANAGEMENT OF KHALITYA ROGA ARP ID : ARP_AYU000078 PubMed ID : NI Doi : No Reference Type : JOURNAL ARTICLE Body System : SKIN Disease : HAIR LOSS/ BALDNESS (ICPC-S23|ICD -L63,L64,L65,L66) Research Status : Published Work Sub Category : CLINICAL RESEARCH EVIDENCE GRADE C Journal : Journal Of Ayurveda"
ARP_AYU000106,"CLINICAL RESEARCH AYURVEDA Downloads: 0 CLINICAL STUDY TO ASSESS THE ROLE OF AKSHITARPANA, SHIRODHARA AND AN AYURVEDIC COMPOUND IN CHILDHOOD COMPUTER VISION SYNDROME ARP ID : ARP_AYU000106 PubMed ID : NI Doi : No Reference Type : JOURNAL ARTICLE Body System : EYE Disease : COMPUTER VISION SYNDROME (ICD-H53.8) Research Status : Published Work Sub Category : CLINICAL RESEARCH EVIDENCE GRADE C Journal : Journal Of Ayurveda"
ARP_AYU000107,"CLINICAL RESEARCH AYURVEDA Downloads: 0 MANAGEMENT OF CERVICAL EROSION BY KSHARA KARMA ARP ID : ARP_AYU000107 PubMed ID : NI Doi : No Reference Type : JOURNAL ARTICLE Body System : FEMALE GENITAL SYSTEM INCLUDING BREAST Disease : CERVICAL DISEASE NOS(ICPC-X85|ICD-N72, N84.1, N86, N88) Research Status : Published Work Sub Category : CLINICAL RESEARCH EVIDENCE GRADE C Journal : Journal Of Ayurveda"
ARP_AYU000108,"CLINICAL RESEARCH AYURVEDA Downloads: 0 AYURVEDIC APPROACH FOR THE MANAGEMENT OF SECONDARY INFERTILITY ARP ID : ARP_AYU000108 PubMed ID : NI Doi : No Reference Type : JOURNAL ARTICLE Body System : FEMALE GENITAL SYSTEM INCLUDING BREAST Disease : FEMALE INFERTILITY/SUBFERTILITY (ICPC-W15|ICD-N97.0, N97.1, N97.2, N97.3, N97.4, N97.8, N97.9) Research Status : Published Work Sub Category : CLINICAL RESEARCH EVIDENCE GRADE C Journal : Journal Of Ayurveda"
ARP_AYU000110,"CLINICAL RESEARCH AYURVEDA Downloads: 0 COMPARATIVE STUDY ON THE EFFICACY OF DHATRI LAUHA AND GUDADI MANDOOR IN THE MANAGEMENT OF PANDU ROGA (IRON DEFICIENCY ANEMIA) IN CHILDREN ARP ID : ARP_AYU000110 PubMed ID : NI Doi : No Reference Type : JOURNAL ARTICLE Body System : BLOOD, BLOOD FORMING ORGANS AND IMMUNE MECHANISM Disease : IRON DEFICIENCY ANAEMIA(ICPC-B80|ICD-D50) Research Status : Published Work Sub Category : CLINICAL RESEARCH EVIDENCE GRADE C Journal : Journal Of Ayurveda"
ARP_AYU000111,"CLINICAL RESEARCH AYURVEDA Downloads: 0 CLINICAL EVALUATION OF TRIPHALA-GUGGULU & PANCHATIKTA-GHRITA UTTARA-BASTI (INTRAUTERINE) IN THE MANAGEMENT OF UTERINE FIBROID ARP ID : ARP_AYU000111 PubMed ID : NI Doi : No Reference Type : JOURNAL ARTICLE Body System : FEMALE GENITAL SYSTEM INCLUDING BREAST Disease : GENITAL NEOPL FEMALE OTHER/UNSPECIF(ICPC-X81|ICD-D05, D07.0, D07.1, D07.2, D07.3, D39, D48.6) Research Status : Published Work Sub Category : CLINICAL RESEARCH EVIDENCE GRADE C Journal : Journal Of Ayurveda"
ARP_AYU000112,CLINICAL RESEARCH AYURVEDA Downloads: 1 THE COMPARATIVE STUDY BETWEEN KASISADI TAIL ABHYANG AND BARRONS BAND LIGATION IN THE MANAGEMENT OF ABHYANTAR ARSH (INTERNAL HAEMORRHOIDS) ARP ID : ARP_AYU000112 PubMed ID : NI Doi : No Reference Type : JOURNAL ARTICLE Body System : DIGESTIVE Disease : HAEMORRHOIDS(ICD-K64.8) Research Status : Published Work Sub Category : CLINICAL RESEARCH EVIDENCE GRADE C Journal : Journal Of Ayurveda
ARP_AYU000113,"CLINICAL RESEARCH AYURVEDA Downloads: 0 A CLINICAL STUDY TO EVALUATE THE EFFICACY OF KANYALAUHADI VATI AND MANJISTHA CHURNA IN THE TREATMENT OF KASHTARTAVA (DYSMENORRHOEA) ARP ID : ARP_AYU000113 PubMed ID : NI Doi : No Reference Type : JOURNAL ARTICLE Body System : FEMALE GENITAL SYSTEM INCLUDING BREAST Disease : PAIN AND OTHER CONDITIONS ASSOCIATED WITH FEMALE GENITAL ORGANS AND MENSTRUAL CYCLE (ICPC-X01,X02, X03, X04|ICD-N94.0,N94.1,N94.2,N94.4,N94.5,N94.6) Research Status : Published Work Sub Category : CLINICAL RESEARCH EVIDENCE GRADE C Journal : Journal Of Ayurveda"
ARP_AYU000114,CLINICAL RESEARCH AYURVEDA Downloads: 0 AN EPIDEMIOLOGICAL SURVEY OF HYPERTENSION (VYANVIKRITI) AND UPASHAYATMAKA EFFECT OF VYAN VIKRITIHARA GHAN VATI (KALPIT YOG) ARP ID : ARP_AYU000114 PubMed ID : NI Doi : No Reference Type : JOURNAL ARTICLE Body System : CIRCULATORY Disease : HYPERTENSION UNCOMPLICATED(ICPC-K86|ICD-I10) Research Status : Published Work Sub Category : CLINICAL RESEARCH EVIDENCE GRADE C Journal : Journal Of Ayurveda
ARP_AYU000115,CLINICAL RESEARCH AYURVEDA Downloads: 0 A STUDY OF ANTIHYPERTENSIVE ACTION OF DADHIMANTH HOOK (CORDIA MACLEODII.F. AND THOMSON.) ARP ID : ARP_AYU000115 PubMed ID : NI Doi : No Reference Type : JOURNAL ARTICLE Body System : CIRCULATORY Disease : HYPERTENSION UNCOMPLICATED(ICPC-K86|ICD-I10) Research Status : Published Work Sub Category : CLINICAL RESEARCH EVIDENCE GRADE C Journal : Journal Of Ayurveda
ARP_AYU000116,"CLINICAL RESEARCH AYURVEDA Downloads: 0 ASHWAGANDHA AN IMMUNOMODULATOR DRUG ARP ID : ARP_AYU000116 PubMed ID : NI Doi : No Reference Type : JOURNAL ARTICLE Body System : GENERAL/UNSPECIFIED Disease : HEALTH MAINT/PREVENTIVE MEDICINE(ICPC-A98|ICD-Z01, Z10, Z11, Z12, Z13, Z40, Z70) Research Status : Published Work Sub Category : CLINICAL RESEARCH EVIDENCE GRADE C Journal : Journal Of Ayurveda"
ARP_AYU000117,"CLINICAL RESEARCH AYURVEDA Downloads: 0 CLINICAL EVALUATION OF THE ROLE OF HRIDAYARNAVA RASA AND HARITAKYADI CHURNA IN THE MANAGEMENT OF ISCHAEMIC HEART DISEASE (HRIDROGA) ARP ID : ARP_AYU000117 PubMed ID : NI Doi : No Reference Type : JOURNAL ARTICLE Body System : CIRCULATORY Disease : ISCHAEMIC HEART DIS WITH ANGINA(ICPC-K74|ICD-I20, I24) Research Status : Published Work Sub Category : CLINICAL RESEARCH EVIDENCE GRADE C Journal : Journal Of Ayurveda"
ARP_AYU000118,"CLINICAL RESEARCH AYURVEDA Downloads: 0 CLINICAL EVALUATION OF AN AYURVEDIC COMPOUND AS MEMORY BOOSTER IN SCHOOL GOING CHILDREN ARP ID : ARP_AYU000118 PubMed ID : NI Doi : No Reference Type : JOURNAL ARTICLE Body System : GENERAL/UNSPECIFIED Disease : HEALTH MAINT/PREVENTIVE MEDICINE(ICPC-A98|ICD-Z01, Z10, Z11, Z12, Z13, Z40, Z70) Research Status : Published Work Sub Category : CLINICAL RESEARCH EVIDENCE GRADE C Journal : Journal Of Ayurveda"
ARP_AYU000119,"CLINICAL RESEARCH AYURVEDA Downloads: 0 THE EFFICACY OF PUNARNAVADI TAILA MATRA BASTI IN THE MANAGEMENT OF VATAJA HRIDROGA ARP ID : ARP_AYU000119 PubMed ID : NI Doi : No Reference Type : JOURNAL ARTICLE Body System : CIRCULATORY Disease : ISCHAEMIC HEART DIS WITH ANGINA(ICPC-K74|ICD-I20, I24) Research Status : Published Work Sub Category : CLINICAL RESEARCH EVIDENCE GRADE C Journal : Journal Of Ayurveda"
ARP_AYU000120,"CLINICAL RESEARCH AYURVEDA Downloads: 0 MANAGEMENT OF STABLE ANGINA WITH HERBAL FORMULATION LASHUNADI GUGGULU ARP ID : ARP_AYU000120 PubMed ID : NI Doi : No Reference Type : JOURNAL ARTICLE Body System : CIRCULATORY Disease : ISCHAEMIC HEART DIS WITHOUT ANGINA(ICPC-K76|ICD-I24, I25) Research Status : Published Work Sub Category : CLINICAL RESEARCH EVIDENCE GRADE C Journal : Journal Of Ayurveda"
ARP_AYU000121,"CLINICAL RESEARCH AYURVEDA Downloads: 0 A STUDY ON THE ANTI-AGEING EFFECT OF MANDUKAPARNI (CENTELLA ASIATICA LINN.) ON SKIN ARP ID : ARP_AYU000121 PubMed ID : NI Doi : No Reference Type : JOURNAL ARTICLE Body System : GENERAL/UNSPECIFIED Disease : HEALTH MAINT/PREVENTIVE MEDICINE(ICPC-A98|ICD-Z01, Z10, Z11, Z12, Z13, Z40, Z70) Research Status : Published Work Sub Category : CLINICAL RESEARCH EVIDENCE GRADE C Journal : Journal Of Ayurveda"
ARP_AYU000122,"CLINICAL RESEARCH AYURVEDA Downloads: 0 A CLINICAL STUDY ON TRIPHALA KWATHA GANDUSHA TO PREVENT DANTAMULAGATA ROGA W.S.R. TO PERIODONTAL DISEASES AS ORAL MANIFESTATIONS IN MADHUMEHA (DIABETES MELLITUS). ARP ID : ARP_AYU000122 PubMed ID : NI Doi : No Reference Type : JOURNAL ARTICLE Body System : ENDOCRINE / METABOLIC AND NUTRITIONAL Disease : DIABETES NON-INSULIN DEPENDENT(ICPC-T90|ICD-E11, E12, E13, E14) Research Status : Published Work Sub Category : CLINICAL RESEARCH EVIDENCE GRADE C Journal : Journal Of Ayurveda"
ARP_AYU000123,CLINICAL RESEARCH AYURVEDA Downloads: 0 EFFECTIVE TREATMENT OF ALCOHOL WITHDRAWAL SYNDROME IN AYURVEDA. ARP ID : ARP_AYU000123 PubMed ID : NI Doi : No Reference Type : JOURNAL ARTICLE Body System : PSYCHOLOGICAL Disease : ALCOHOL WITHDRAWAL SYNDROME (ICD-F10.3) Research Status : Published Work Sub Category : CLINICAL RESEARCH EVIDENCE GRADE C Journal : Journal Of Ayurveda
ARP_AYU000124,"CLINICAL RESEARCH AYURVEDA Downloads: 0 ETIOPATHOLOGICAL STUDY OF KAMALA (JAURIDICE) W.S.R. TO KOSHTHASHAKHASHRITA KAMALA (HEPATO-CELLULAR JAUNDICE) AND UPASHAYATMAKA STUDY OF NAVAYAS CHURNA ARP ID : ARP_AYU000124 PubMed ID : NI Doi : No Reference Type : JOURNAL ARTICLE Body System : DIGESTIVE Disease : LIVER DISEASE NOS(ICPC-D97|ICD-B58.1, B94.2, K70, K71, K72, K73, K74, K75, K76, K77) Research Status : Published Work Sub Category : CLINICAL RESEARCH EVIDENCE GRADE C Journal : Journal Of Ayurveda"
ARP_AYU000125,"CLINICAL RESEARCH AYURVEDA Downloads: 1 A CLINICAL STUDY ON THE EFFICACY OF A HERBAL FORMULATION IN MADHUMEHA (DIABETES MELLITUS) W.S.R. TO ITS HYPOGLYCAEMIC EFFECT ARP ID : ARP_AYU000125 PubMed ID : NI Doi : No Reference Type : JOURNAL ARTICLE Body System : ENDOCRINE / METABOLIC AND NUTRITIONAL Disease : DIABETES NON-INSULIN DEPENDENT(ICPC-T90|ICD-E11, E12, E13, E14) Research Status : Published Work Sub Category : CLINICAL RESEARCH EVIDENCE GRADE C Journal : Journal Of Ayurveda"
ARP_AYU000126,"CLINICAL RESEARCH AYURVEDA Downloads: 0 PILOT STUDY TO COMPARE TWO INDIGENIOUS DRUGS IN TYPE-II DIABETES MELLITUS W.S.R. MADHUMEHA ARP ID : ARP_AYU000126 PubMed ID : NI Doi : No Reference Type : JOURNAL ARTICLE Body System : ENDOCRINE / METABOLIC AND NUTRITIONAL Disease : DIABETES NON-INSULIN DEPENDENT(ICPC-T90|ICD-E11, E12, E13, E14) Research Status : Published Work Sub Category : CLINICAL RESEARCH EVIDENCE GRADE C Journal : Journal Of Ayurveda"
ARP_AYU000127,"CLINICAL RESEARCH AYURVEDA Downloads: 0 EVALUATION AND EFFECT OF ELADI GUTIKA WITH SPECIAL REFERENCE TO VRISHYA ARP ID : ARP_AYU000127 PubMed ID : NI Doi : No Reference Type : JOURNAL ARTICLE Body System : MALE GENITAL Disease : GENITAL DISEASE MALE OTHER(ICPC-Y99|ICD-A55, A57, A58, A63.8, N42.0, N42.1, N42.2, N42.8, N42.9, N43.4, N44, N48.0, N48.2, N48.5, N48.6, N48.8, N49.1, N49.2, N49.8, N49.9, N50.0, N50.1, N50.8, N50.9, N51, N64.8, Z90.7) Research Status : Published Work Sub Category : CLINICAL RESEARCH EVIDENCE GRADE C Journal : Journal Of Ayurveda"
ARP_AYU000128,CLINICAL RESEARCH AYURVEDA Downloads: 0 A STUDY ON ETIOPATHOGENESIS OF POLY CYSTIC OVARIAN SYNDROME AND EVALUATE EFFICACY OF HERBOMINERAL COMPOUND AND PANCHGAVYA GHRIT (UTTAR BASTI) ARP ID : ARP_AYU000128 PubMed ID : NI Doi : No Reference Type : JOURNAL ARTICLE Body System : ENDOCRINE / METABOLIC AND NUTRITIONAL Disease : PCOS(ICD-E28.2) Research Status : Published Work Sub Category : CLINICAL RESEARCH EVIDENCE GRADE C Journal : Journal Of Ayurveda
ARP_AYU000129,"CLINICAL RESEARCH AYURVEDA Downloads: 0 AN INDIGENOUS APPROACH TO MANAGE THE CHRONIC OSTEOMYELITIS (A PILOT STUDY) ARP ID : ARP_AYU000129 PubMed ID : NI Doi : No Reference Type : JOURNAL ARTICLE Body System : MUSCULOSKELETAL Disease : INFECTIONS OF MUSCULOSKELETAL SYSTEM(ICPC-L70|ICD-M00, M01, M46.2, M46.3, M46.4, M46.5, M60.0, M65.0, M65.1, M71.0, M71.1, M86) Research Status : Published Work Sub Category : CLINICAL RESEARCH EVIDENCE GRADE C Journal : Journal Of Ayurveda"
ARP_AYU000130,"CLINICAL RESEARCH AYURVEDA Downloads: 0 SHIRODHARA-PILOT OBSERVATIONS IN ANIDRA (INSOMNIA) ARP ID : ARP_AYU000130 PubMed ID : NI Doi : No Reference Type : JOURNAL ARTICLE Body System : PSYCHOLOGICAL Disease : SLEEP DISTURBANCE (ICPC - P06|ICD-G47.0, F51) Research Status : Published Work Sub Category : CLINICAL RESEARCH EVIDENCE GRADE C Journal : Journal Of Ayurveda"
ARP_AYU000131,CLINICAL RESEARCH AYURVEDA Downloads: 0 AYURVEDIC PERSPECTIVE OF POLYCYSTIC OVARIAN SYNDROME -A CLINICAL STUDY ARP ID : ARP_AYU000131 PubMed ID : NI Doi : No Reference Type : JOURNAL ARTICLE Body System : ENDOCRINE / METABOLIC AND NUTRITIONAL Disease : PCOS(ICD-E28.2) Research Status : Published Work Sub Category : CLINICAL RESEARCH EVIDENCE GRADE C Journal : Journal Of Ayurveda
ARP_AYU000132,"CLINICAL RESEARCH AYURVEDA Downloads: 0 A CLINICAL STUDY OF MATRA BASTI & KATI BASTI IN THE MANEGEMENT OF GRIDHRASI W.S.R.TO SCIATICA ARP ID : ARP_AYU000132 PubMed ID : NI Doi : No Reference Type : JOURNAL ARTICLE Body System : MUSCULOSKELETAL Disease : BACK SYNDROME WITH RADIATING PAIN(ICPC-L86|ICD-M47.1, M47.2, M51, M54.3, M54.4) Research Status : Published Work Sub Category : CLINICAL RESEARCH EVIDENCE GRADE C Journal : Journal Of Ayurveda"
ARP_AYU000133,CLINICAL RESEARCH AYURVEDA Downloads: 0 PHARMACOLOGICAL STUDY OF CREAM BASED AND CURD BASED GO-GHRITA WITH SPECIAL REFERENCE TO LIPID PROFILE ARP ID : ARP_AYU000133 PubMed ID : NI Doi : No Reference Type : JOURNAL ARTICLE Body System : ENDOCRINE / METABOLIC AND NUTRITIONAL Disease : LIPID DISORDER(ICPC-T93|ICD-E78) Research Status : Published Work Sub Category : CLINICAL RESEARCH EVIDENCE GRADE C Journal : Journal Of Ayurveda
ARP_AYU000134,"CLINICAL RESEARCH AYURVEDA Downloads: 0 THE EFFICACY OF NAGAR CHURNA WITH ANUPANA KANJI IN AMAVATA ARP ID : ARP_AYU000134 PubMed ID : NI Doi : No Reference Type : JOURNAL ARTICLE Body System : MUSCULOSKELETAL Disease : RHEUMATOID/SEROPOSITIVE ARTHRITIS(ICPC-L88|ICD-M05, M06, M08, M45) Research Status : Published Work Sub Category : CLINICAL RESEARCH EVIDENCE GRADE C Journal : Journal Of Ayurveda"
ARP_AYU000135,CLINICAL RESEARCH AYURVEDA Downloads: 0 CLINICAL EVALUATION OF THE ROLE OF DIFFERENT MEDOGHNA REGIME (KALPIT YOGA LEKHANA BASTI VIRECHANA) IN THE MANAGEMENT OF STHAULYA W.S.R TO DYSLIPIDAEMIA ARP ID : ARP_AYU000135 PubMed ID : NI Doi : No Reference Type : JOURNAL ARTICLE Body System : ENDOCRINE / METABOLIC AND NUTRITIONAL Disease : LIPID DISORDER(ICPC-T93|ICD-E78) Research Status : Published Work Sub Category : CLINICAL RESEARCH EVIDENCE GRADE C Journal : Journal Of Ayurveda
ARP_AYU000136,"CLINICAL RESEARCH AYURVEDA Downloads: 0 A CLINICAL STUDY ON ANIDRA AND IT'S MANAGEMENT WITH SHIRODHARA AND MANSYADI KWATHA ARP ID : ARP_AYU000136 PubMed ID : NI Doi : No Reference Type : JOURNAL ARTICLE Body System : PSYCHOLOGICAL Disease : SLEEP DISTURBANCE (ICPC - P06|ICD-G47.0, F51) Research Status : Published Work Sub Category : CLINICAL RESEARCH EVIDENCE GRADE C Journal : Journal Of Ayurveda"
ARP_AYU000137,CLINICAL RESEARCH AYURVEDA Downloads: 0 CLINICAL EVALUATION OF THE ROLE OF A HERBAL COMPOUND FORMULATION IN THE MANAGEMENT OF HYPERLIPIDAEMIA W.S.R. TO MEDO DHATU DUSTI ARP ID : ARP_AYU000137 PubMed ID : NI Doi : No Reference Type : JOURNAL ARTICLE Body System : ENDOCRINE / METABOLIC AND NUTRITIONAL Disease : LIPID DISORDER(ICPC-T93|ICD-E78) Research Status : Published Work Sub Category : CLINICAL RESEARCH EVIDENCE GRADE C Journal : Journal Of Ayurveda
ARP_AYU000138,CLINICAL RESEARCH AYURVEDA Downloads: 0 CLINICAL STUDY ON THE EFFECT OF MOORCHITA TILA TAILA SHAMANA SNEHA AND NAVAKA GUGGULU IN HYPERLIPIDEMIA-A COMPARATIVE STUDY ARP ID : ARP_AYU000138 PubMed ID : NI Doi : No Reference Type : JOURNAL ARTICLE Body System : ENDOCRINE / METABOLIC AND NUTRITIONAL Disease : LIPID DISORDER(ICPC-T93|ICD-E78) Research Status : Published Work Sub Category : CLINICAL RESEARCH EVIDENCE GRADE C Journal : Journal Of Ayurveda
ARP_AYU000142,CLINICAL RESEARCH AYURVEDA Downloads: 0 THE COMPARATIVE CLINICAL STUDY OF SHATAPUSHPA CHURNA AND TILSHELUKARVI KWATHA ON ARTAVAKSHAYA. ARP ID : ARP_AYU000142 PubMed ID : NI Doi : No Reference Type : JOURNAL ARTICLE Body System : FEMALE GENITAL SYSTEM INCLUDING BREAST Disease : MENSTRUATION ABSENT/ SCANTY (ICPC-X05|ICD-N91) Research Status : Published Work Sub Category : CLINICAL RESEARCH EVIDENCE GRADE C Journal : Journal Of Ayurveda
ARP_AYU000143,"CLINICAL RESEARCH AYURVEDA Downloads: 0 A CLINICAL STUDY ON FUNCTIONAL ASPECT OF SROTOMOOLA W.S.R. TO ARP ID : ARP_AYU000143 PubMed ID : NI Doi : No Reference Type : JOURNAL ARTICLE Body System : GENERAL/UNSPECIFIED Disease : HEALTH MAINT/PREVENTIVE MEDICINE(ICPC-A98|ICD-Z01, Z10, Z11, Z12, Z13, Z40, Z70) Research Status : Published Work Sub Category : CLINICAL RESEARCH EVIDENCE GRADE B Journal : Journal Of Ayurveda"
ARP_AYU000144,"CLINICAL RESEARCH AYURVEDA Downloads: 0 EFFICACY OF AN AYURVEDA COMPOUND IN THE MANAGEMENT OF IRON DEFICIENCY ANAEMIA: A RANDOMIZED CONTROLLED TRIAL. ARP ID : ARP_AYU000144 PubMed ID : NI Doi : No Reference Type : JOURNAL ARTICLE Body System : BLOOD, BLOOD FORMING ORGANS AND IMMUNE MECHANISM Disease : IRON DEFICIENCY ANAEMIA(ICPC-B80|ICD-D50) Research Status : Published Work Sub Category : CLINICAL RESEARCH EVIDENCE GRADE B Journal : Journal Of Ayurveda"
ARP_AYU000146,"CLINICAL RESEARCH AYURVEDA Downloads: 0 A RANDOMIZED CONTROL TRIAL OF BRAHMI GRITHA IN APASMARA W.R.T GENERALIZED TONIC CLONIC SEIZURES ARP ID : ARP_AYU000146 PubMed ID : NI Doi : No Reference Type : JOURNAL ARTICLE Body System : NEUROLOGICAL Disease : EPILEPSY(ICPC-N88|ICD-G40, G41) Research Status : Published Work Sub Category : CLINICAL RESEARCH EVIDENCE GRADE C Journal : Journal Of Ayurveda"
ARP_AYU000147,"CLINICAL RESEARCH AYURVEDA Downloads: 0 COMPARATIVE STUDY ON SHIROBASTI & NASYA IN THE MANAGEMENT OF ARDIT ARP ID : ARP_AYU000147 PubMed ID : NI Doi : No Reference Type : JOURNAL ARTICLE Body System : NEUROLOGICAL Disease : FACIAL PARALYSIS/BELL'S PALSY(ICPC-N91|ICD-G51, G53) Research Status : Published Work Sub Category : CLINICAL RESEARCH EVIDENCE GRADE C Journal : Journal Of Ayurveda"
ARP_AYU000148,"CLINICAL RESEARCH AYURVEDA Downloads: 0 EVALUATION OF ANXIETY IN DIFFERENT DEHAPRAKRITI (BODY CONSTITUTION) & EFFECT OF TINOSPORA CORDIFOLIA (GUDUCHI) ARP ID : ARP_AYU000148 PubMed ID : NI Doi : No Reference Type : JOURNAL ARTICLE Body System : PSYCHOLOGICAL Disease : ANXIETY DISORDER/ANXIETY STATE(ICPC-P74|ICD-F41.0, F41.1, F41.3, F41.8, F41.9) Research Status : Published Work Sub Category : CLINICAL RESEARCH EVIDENCE GRADE C Journal : Journal Of Ayurveda"
ARP_AYU000149,"CLINICAL RESEARCH AYURVEDA Downloads: 0 A COMPRETIVE STUDY ON THE EFFECT OF AVASADAHARA YOGA (KALPIT) AND PSYCHOTHERAPY IN THE MANAGEMENT OF DEPRESSION ARP ID : ARP_AYU000149 PubMed ID : NI Doi : No Reference Type : JOURNAL ARTICLE Body System : PSYCHOLOGICAL Disease : DEPRESSIVE DISORDER(ICPC-P76|ICD-F32, F33, F34.1, F34.8, F34.9, F38, F39, F41.2, F53.0) Research Status : Published Work Sub Category : CLINICAL RESEARCH EVIDENCE GRADE C Journal : Journal Of Ayurveda"
ARP_AYU000150,"CLINICAL RESEARCH AYURVEDA Downloads: 0 DASHMOOLA SIDDHA KSHEER SHIRODHARA IN THE MANAGEMENT OF ANIDRA W.S.R. TO INSOMNIA ARP ID : ARP_AYU000150 PubMed ID : NI Doi : No Reference Type : JOURNAL ARTICLE Body System : PSYCHOLOGICAL Disease : SLEEP DISTURBANCE (ICPC - P06|ICD-G47.0, F51) Research Status : Published Work Sub Category : CLINICAL RESEARCH EVIDENCE GRADE C Journal : Journal Of Ayurveda"
ARP_AYU000151,"CLINICAL RESEARCH AYURVEDA Downloads: 0 A CLINICAL COMPARATIVE STUDY TO EVALUATE THE EFFICACY OF SHIRISHADI SYRUP AND AN ESTABLISHED AYURVEDIC MARKETED PREPARATION IN THE MANAGEMENT OF RESPIRATORY ALLERGIC DISORDERS IN CHILDREN. ARP ID : ARP_AYU000151 PubMed ID : NI Doi : No Reference Type : JOURNAL ARTICLE Body System : RESPIRATORY Disease : RESPIRATORY DISEASE OTHER(ICPC-R99|ICD-J33, J34.1, J34.2, J34.3, J34.8, J38, J39, J47, J60, J61, J62, J63, J64, J65, J66, J67, J68, J69, J70, J80, J81, J82, J84, J92, J93, J96, J98, J99, Z90.2, Z94.2, Z94.3) Research Status : Published Work Sub Category : CLINICAL RESEARCH EVIDENCE GRADE C Journal : Journal Of Ayurveda"
ARP_AYU000152,"CLINICAL RESEARCH AYURVEDA Downloads: 0 CLINICAL EVALUATION OF EFFICACY OF MADHURA AUSHADHA SIDDHATAILA MATRAVASTI AND YONIPICHU IN SUKHAPRASAVA. ARP ID : ARP_AYU000152 PubMed ID : NI Doi : No Reference Type : JOURNAL ARTICLE Body System : PREGNANCY, CHILDBEARING, FAMILY PLANNING Disease : LABOUR PROCESS (ICD-O34.3) Research Status : Published Work Sub Category : CLINICAL RESEARCH EVIDENCE GRADE C Journal : Journal Of Ayurveda"
ARP_AYU000153,"CLINICAL RESEARCH AYURVEDA Downloads: 0 A COMPARATIVE STUDY OF BHASTRIKA YOGIC KRIYA AND JATAMANSI GHANA VATI IN THE MANAGEMENT OF INSOMNIA ARP ID : ARP_AYU000153 PubMed ID : NI Doi : No Reference Type : JOURNAL ARTICLE Body System : PSYCHOLOGICAL Disease : SLEEP DISTURBANCE (ICPC - P06|ICD-G47.0, F51) Research Status : Published Work Sub Category : CLINICAL RESEARCH EVIDENCE GRADE C Journal : Journal Of Ayurveda"
ARP_AYU000154,"CLINICAL RESEARCH AYURVEDA Downloads: 0 EFFECT OF SWASA KUTHARA RASA IN THE TREATMENT OF TAMAKA SWASA ARP ID : ARP_AYU000154 PubMed ID : NI Doi : No Reference Type : JOURNAL ARTICLE Body System : RESPIRATORY Disease : ASTHMA(ICPC-R96|ICD-J45, J46) Research Status : Published Work Sub Category : CLINICAL RESEARCH EVIDENCE GRADE C Journal : Journal Of Ayurveda"
ARP_AYU000155,"CLINICAL RESEARCH AYURVEDA Downloads: 0 A LIFE STYLE DISORDER- TAMAKASHWASA (BRONCHIAL ASTHMA) AND ITS MANAGEMENT BY DIFFERENT FORMULATIONS OF TULSI ARP ID : ARP_AYU000155 PubMed ID : NI Doi : No Reference Type : JOURNAL ARTICLE Body System : RESPIRATORY Disease : ASTHMA(ICPC-R96|ICD-J45, J46) Research Status : Published Work Sub Category : CLINICAL RESEARCH EVIDENCE GRADE C Journal : Journal Of Ayurveda"
ARP_AYU000156,"CLINICAL RESEARCH AYURVEDA Downloads: 0 EVALUATION OF THERAPEUTIC EFFECT OF CHITRAKADI AVALEHA IN THE MANAGEMENT OF BRONCHIAL ASTHMA W.S.R TO TAMAKA SHWASA ARP ID : ARP_AYU000156 PubMed ID : NI Doi : No Reference Type : JOURNAL ARTICLE Body System : RESPIRATORY Disease : ASTHMA(ICPC-R96|ICD-J45, J46) Research Status : Published Work Sub Category : CLINICAL RESEARCH EVIDENCE GRADE C Journal : Journal Of Ayurveda"
ARP_AYU000157,"CLINICAL RESEARCH AYURVEDA Downloads: 0 CLINICAL STUDY ON THE EFFICACY OF AKSHADI YOG & PRATIMARSHA NASYA IN THE MANAGEMENT OF RECURRENT UPPER RESPIRATORY TRACT INFECTION IN CHILDREN ARP ID : ARP_AYU000157 PubMed ID : NI Doi : No Reference Type : JOURNAL ARTICLE Body System : RESPIRATORY Disease : CHRONIC BRONCHITIS(ICPC-R79|ICD-J41, J42) Research Status : Published Work Sub Category : CLINICAL RESEARCH EVIDENCE GRADE C Journal : Journal Of Ayurveda"
ARP_AYU000159,"CLINICAL RESEARCH AYURVEDA Downloads: 0 A COMPARATIVE STUDY OF JALA NETI AND CHITRAKA HARITAKI AVALEHA IN JIRNA PRATISHYAYA ARP ID : ARP_AYU000159 PubMed ID : NI Doi : No Reference Type : JOURNAL ARTICLE Body System : RESPIRATORY Disease : SINUSITIS ACUTE/CHRONIC(ICPC-R75|ICD-J01, J32) Research Status : Published Work Sub Category : CLINICAL RESEARCH EVIDENCE GRADE C Journal : Journal Of Ayurveda"
ARP_AYU000160,CLINICAL RESEARCH AYURVEDA Downloads: 0 INTRODUCTION OF ARJUN GUGGULU AND GUGULU KSHAR SUTRA IN THE PATIENTS OF FISTULA-IN-ANO WITH HYPERLIPIDIMIA AND ATHEROMATOUS HEART DISEASE ARP ID : ARP_AYU000160 PubMed ID : NI Doi : No Reference Type : JOURNAL ARTICLE Body System : SKIN Disease : PILONIDAL CYST/FISTULA(ICPC-S85|ICD-L05) Research Status : Published Work Sub Category : CLINICAL RESEARCH EVIDENCE GRADE C Journal : Journal Of Ayurveda
ARP_AYU000161,CLINICAL RESEARCH AYURVEDA Downloads: 0 A CLINICAL STUDY TO EVALUATE THE EFFICACY OF LEECH THERAPY AND PANCHATIKTA GHRITA IN THE MANAGEMENT OF PSORIASIS ARP ID : ARP_AYU000161 PubMed ID : NI Doi : No Reference Type : JOURNAL ARTICLE Body System : SKIN Disease : PSORIASIS(ICPC-S91|ICD-L40) Research Status : Published Work Sub Category : CLINICAL RESEARCH EVIDENCE GRADE C Journal : Journal Of Ayurveda
ARP_AYU000162,"CLINICAL RESEARCH AYURVEDA Downloads: 1 CLINICAL EVALUATION OF THE ROLE OF SHWADANSTRADI GHANA VATI IN THE MANAGEMENT OF UROLITHIASIS (MUTRASHMARI) ARP ID : ARP_AYU000162 PubMed ID : NI Doi : No Reference Type : JOURNAL ARTICLE Body System : URINARY SYSTEM Disease : URINARY CALCULUS(ICPC-U95|ICD-N20, N21, N22) Research Status : Published Work Sub Category : CLINICAL RESEARCH EVIDENCE GRADE C Journal : Journal Of Ayurveda"
ARP_AYU000164,"CLINICAL RESEARCH AYURVEDA Downloads: 0 CHIKITSYAVISHAGHNYAIVA SA SHAMAM LABHATE NARAH (C. CHI. 3/118) AN ASSESSMENT OF IMMUNO-MODULATORY EFFECTS OF VISHAGNA MAHAKASHAYA IN THE PATIENTS OF ANURJATAJANYA TAMAKA SHVASA (ALLERGIC ASTHMA). ARP ID : ARP_AYU000164 PubMed ID : NI Doi : No Reference Type : JOURNAL ARTICLE Body System : RESPIRATORY Disease : ASTHMA(ICPC-R96|ICD-J45, J46) Research Status : Published Work Sub Category : CLINICAL RESEARCH EVIDENCE GRADE B Journal : Journal Of Ayurveda"
ARP_AYU000165,CLINICAL RESEARCH AYURVEDA Downloads: 0 ROLE OF ARKAVATI IN THE MANAGEMENT OF AGNIMANDYA ARP ID : ARP_AYU000165 PubMed ID : NI Doi : No Reference Type : JOURNAL ARTICLE Body System : DIGESTIVE Disease : FLATULENCE/GAS/BELCHING (ICPC-D08| ICD-R14) Research Status : Published Work Sub Category : CLINICAL RESEARCH EVIDENCE GRADE C Journal : Journal Of Ayurveda
ARP_AYU000166,"CLINICAL RESEARCH AYURVEDA Downloads: 0 THE CLINICAL STUDY TO EVALUATE EFFICACY OF PANCHATIKTA GHANA VATI & MUSTADI KWATHA IN THE MANAGEMENT OF MADHUMEHA W.S.R. TO DIABETES MELLITUS ARP ID : ARP_AYU000166 PubMed ID : NI Doi : No Reference Type : JOURNAL ARTICLE Body System : ENDOCRINE / METABOLIC AND NUTRITIONAL Disease : DIABETES NON-INSULIN DEPENDENT(ICPC-T90|ICD-E11, E12, E13, E14) Research Status : Published Work Sub Category : CLINICAL RESEARCH EVIDENCE GRADE C Journal : Journal Of Ayurveda"
ARP_AYU000167,CLINICAL RESEARCH AYURVEDA Downloads: 0 A STUDY ON THE EFFICACY OF VYOSHADI SAKTU AND SURYA-NAMASKAR W.S.R. TO NINDITA PURUSH. (STHAULYA) ARP ID : ARP_AYU000167 PubMed ID : NI Doi : No Reference Type : JOURNAL ARTICLE Body System : ENDOCRINE / METABOLIC AND NUTRITIONAL Disease : OBESITY(ICPC-T82|ICD-E66) Research Status : Published Work Sub Category : CLINICAL RESEARCH EVIDENCE GRADE C Journal : Journal Of Ayurveda
ARP_AYU000168,CLINICAL RESEARCH AYURVEDA Downloads: 0 THE ROLE OF KRISHNABOLA IN THE MANAGEMENT OF ANIYAMIT RAJAH PRAURITT (IRREGULAR MENSTRUATION) W.S.R.APANVAYU VIKRITI ARP ID : ARP_AYU000168 PubMed ID : NI Doi : No Reference Type : JOURNAL ARTICLE Body System : FEMALE GENITAL SYSTEM INCLUDING BREAST Disease : MENSTRUATION ABSENT/ SCANTY (ICPC-X05|ICD-N91) Research Status : Published Work Sub Category : CLINICAL RESEARCH EVIDENCE GRADE C Journal : Journal Of Ayurveda
ARP_AYU000169,"CLINICAL RESEARCH AYURVEDA Downloads: 0 A CLINICAL STUDY OF EFFICACY OF ASHWAGANDHADI GHRITA & HITAKARA AHARA IN PHYSICAL STRENGTH ARP ID : ARP_AYU000169 PubMed ID : NI Doi : No Reference Type : JOURNAL ARTICLE Body System : GENERAL/UNSPECIFIED Disease : HEALTH MAINT/PREVENTIVE MEDICINE(ICPC-A98|ICD-Z01, Z10, Z11, Z12, Z13, Z40, Z70) Research Status : Published Work Sub Category : CLINICAL RESEARCH EVIDENCE GRADE C Journal : Journal Of Ayurveda"
ARP_AYU000170,CLINICAL RESEARCH AYURVEDA Downloads: 0 A CLINICAL EVALUATION OF SAFETY AND EFFICACY OF TRIPHALADI KWATHA AND KARANJADI LEPA IN THE MANAGEMENT OF VICHARCHIKIA (NEURO DERMATITIS). ARP ID : ARP_AYU000170 PubMed ID : NI Doi : No Reference Type : JOURNAL ARTICLE Body System : SKIN Disease : DERMATITIS/ATOPIC ECZEMA(ICPC-S87|ICD-L20) Research Status : Published Work Sub Category : CLINICAL RESEARCH EVIDENCE GRADE C Journal : Journal Of Ayurveda
ARP_AYU000171,"CLINICAL RESEARCH AYURVEDA Downloads: 0 A COMPARATIVE STUDY ON GUDUCHI AND ROSE WATER SHIRODHARA IN STRESS INDUCED INSOMNIA W.S.R. TO THE PRINCIPLE- BRINHANANI YATCA TAT SARVAM PRASASTHAM VATAROGINAM (CH.CHI. 28/106) ARP ID : ARP_AYU000171 PubMed ID : NI Doi : No Reference Type : JOURNAL ARTICLE Body System : PSYCHOLOGICAL Disease : SLEEP DISTURBANCE (ICPC - P06|ICD-G47.0, F51) Research Status : Published Work Sub Category : CLINICAL RESEARCH EVIDENCE GRADE C Journal : Journal Of Ayurveda"
ARP_AYU000172,CLINICAL RESEARCH AYURVEDA Downloads: 0 THE MANAGEMENT OF POST OPERATIVE PAIN IN GUDAGAT VIKARA (BHAGANDARA) WITH YASHTIMADHU YOGA ARP ID : ARP_AYU000172 PubMed ID : NI Doi : No Reference Type : JOURNAL ARTICLE Body System : SKIN Disease : PILONIDAL CYST/FISTULA(ICPC-S85|ICD-L05) Research Status : Published Work Sub Category : CLINICAL RESEARCH EVIDENCE GRADE C Journal : Journal Of Ayurveda
ARP_AYU000173,"CLINICAL RESEARCH AYURVEDA Downloads: 0 ANETIOPATHOLOGICAL STUDY ON MUTRASHMARI AND THERAPEUTIC EFFECT OF TRUTYADI CHURNA & VRIHAT VARUNADI KWATH -A COMPARATIVE STUDY ARP ID : ARP_AYU000173 PubMed ID : NI Doi : No Reference Type : JOURNAL ARTICLE Body System : URINARY SYSTEM Disease : URINARY CALCULUS(ICPC-U95|ICD-N20, N21, N22) Research Status : Published Work Sub Category : CLINICAL RESEARCH EVIDENCE GRADE C Journal : Journal Of Ayurveda"
ARP_AYU000175,CLINICAL RESEARCH AYURVEDA Downloads: 0 CLINICAL STUDY OF HARIDRADI YOG IN RESPIRATORY ALLERGIC DISORDERS IN CHILDREN ARP ID : ARP_AYU000175 PubMed ID : NI Doi : No Reference Type : JOURNAL ARTICLE Body System : RESPIRATORY Disease : ALLERGIC RHINITIS(ICPC-R97|ICD-J30) Research Status : Published Work Sub Category : CLINICAL RESEARCH EVIDENCE GRADE C Journal : Journal Of Ayurveda
ARP_AYU000178,"CLINICAL RESEARCH AYURVEDA Downloads: 1 AN AYURVEDIC APPROACH IN THE MANAGEMENT OF DIABETIC NEUROPATHY - A CASE REPORT. ARP ID : ARP_AYU000178 PubMed ID : NI Doi : No Reference Type : JOURNAL ARTICLE Body System : ENDOCRINE / METABOLIC AND NUTRITIONAL Disease : DIABETES NON-INSULIN DEPENDENT(ICPC-T90|ICD-E11, E12, E13, E14) Research Status : Published Work Sub Category : CLINICAL RESEARCH EVIDENCE GRADE C Journal : Journal Of Ayurveda"
ARP_AYU000185,"CLINICAL RESEARCH AYURVEDA Downloads: 0 EFFICACY OF KUMARI SWARASA ON YAKRITDALUDAR. ARP ID : ARP_AYU000185 PubMed ID : NI Doi : No Reference Type : JOURNAL ARTICLE Body System : DIGESTIVE Disease : LIVER DISEASE NOS(ICPC-D97|ICD-B58.1, B94.2, K70, K71, K72, K73, K74, K75, K76, K77) Research Status : Published Work Sub Category : CLINICAL RESEARCH EVIDENCE GRADE C Journal : Journal Of Ayurveda"
ARP_AYU000209,"CLINICAL RESEARCH AYURVEDA Downloads: 0 ROLE OF DRAKSHADI CHURNA AND MADHUKA ANUWASANA BASTI IN MANAGEMENT OF ASRIGDARA. ARP ID : ARP_AYU000209 PubMed ID : NI Doi : No Reference Type : JOURNAL ARTICLE Body System : FEMALE GENITAL SYSTEM INCLUDING BREAST Disease : MENSTRUATION EXCESSIVE, MENSTRUATION IRREGULAR/FREQUENT (ICPC-X06,X07| ICD-N92.0,N92.1,N92.2,N92.3,N93.8) Research Status : Published Work Sub Category : CLINICAL RESEARCH EVIDENCE GRADE C Journal : Journal Of Ayurveda"
ARP_AYU000210,"CLINICAL RESEARCH AYURVEDA Downloads: 0 ROLE OF STHIRADI YAPANA BASTI AND AN INDIGENOUS COMPOUND IN THE MANAGEMENT OF MINIMAL CHANGE NEPHROTIC SYNDROME W.S.R. TO ABERRATIONS OF OJAS. ARP ID : ARP_AYU000210 PubMed ID : NI Doi : No Reference Type : JOURNAL ARTICLE Body System : URINARY SYSTEM Disease : GLOMERULONEPHRITIS/NEPHROSIS(ICPC-U88|ICD-N00, N01, N03, N04, N05, N07, N08, N14, N15.0, N15.8, N16) Research Status : Published Work Sub Category : CLINICAL RESEARCH EVIDENCE GRADE B Journal : Journal Of Ayurveda"
ARP_AYU000216,"CLINICAL RESEARCH AYURVEDA Downloads: 0 A CONCEPTUAL, CLINICAL AND COMPARATIVE STUDY OF VIDANGADI CHURNA AND MEDOHARA LEPA ALONG WITH VIDANGADI CHURNA ON STHAULYA IN THE PURVIEW OF ARP ID : ARP_AYU000216 PubMed ID : NI Doi : No Reference Type : JOURNAL ARTICLE Body System : ENDOCRINE / METABOLIC AND NUTRITIONAL Disease : OBESITY(ICPC-T82|ICD-E66) Research Status : Published Work Sub Category : CLINICAL RESEARCH EVIDENCE GRADE C Journal : Journal Of Ayurveda"
ARP_AYU000217,"CLINICAL RESEARCH AYURVEDA Downloads: 0 CLINICAL STUDY TO EVALUATE THE EFFICACY OF INDUKANTAM GHRITAM (S.Y.) IN THE MANAGEMENT OF BALSHOSHA W.S.R. TO PEM (PROTEIN ENERGY MALNUTRITION). ARP ID : ARP_AYU000217 PubMed ID : NI Doi : No Reference Type : JOURNAL ARTICLE Body System : ENDOCRINE / METABOLIC AND NUTRITIONAL Disease : VITAMIN/NUTRITIONAL DEFICIENCY(ICPC-T91|ICD-E40, E41, E42, E43, E44, E45, E46, E50, E51.1, E51.8, E51.9, E52, E53, E54, E55, E56, E58, E59, E60, E61, E63, E64) Research Status : Published Work Sub Category : CLINICAL RESEARCH EVIDENCE GRADE C Journal : Journal Of Ayurveda"
ARP_AYU000230,"CLINICAL RESEARCH AYURVEDA Downloads: 0 EFFECT OF UPODIKA (BASELLA RUBRA LINN.) IN THE MANAGEMENT OF OSTEOPOROSIS. ARP ID : ARP_AYU000230 PubMed ID : NI Doi : No Reference Type : JOURNAL ARTICLE Body System : MUSCULOSKELETAL Disease : OSTEOPOROSIS(ICPC-L95|ICD-M80, M81, M82) Research Status : Published Work Sub Category : CLINICAL RESEARCH EVIDENCE GRADE C Journal : Journal Of Ayurveda"
ARP_AYU000236,CLINICAL RESEARCH AYURVEDA Downloads: 0 A COMPARATIVE CLINICAL STUDY OF BASTI KARMA AND KANCHANARA GUGGULU IN THE MANAGEMENT OF VATAASTHEELA MUTRAGHATA W.S.R. TO BENIGN PROSTATIC HYPERPLASIA (B.P.H.). ARP ID : ARP_AYU000236 PubMed ID : NI Doi : No Reference Type : JOURNAL ARTICLE Body System : MALE GENITAL Disease : BENIGN PROSTATIC HYPERPLASIA (ICPC-Y85|ICD-N40) Research Status : Published Work Sub Category : CLINICAL RESEARCH EVIDENCE GRADE C Journal : Journal Of Ayurveda
ARP_AYU000237,CLINICAL RESEARCH AYURVEDA Downloads: 0 A CLINICAL STUDY ON THE EFFICACY OF DASHANGA HARITAKI AND TARPANA IN THE MANAGEMENT OF TIMIRA WITH SPECIAL REFERENCE TO MYOPIA. ARP ID : ARP_AYU000237 PubMed ID : NI Doi : No Reference Type : JOURNAL ARTICLE Body System : EYE Disease : MYOPIA (ICD-H52.1) Research Status : Published Work Sub Category : CLINICAL RESEARCH EVIDENCE GRADE C Journal : Journal Of Ayurveda
ARP_AYU000243,"CLINICAL RESEARCH AYURVEDA Downloads: 1 A CLINICAL STUDY OF EFFICACY OF SNUHAYADI TAILAM ON KHALITYA. ARP ID : ARP_AYU000243 PubMed ID : NI Doi : No Reference Type : JOURNAL ARTICLE Body System : SKIN Disease : HAIR LOSS/ BALDNESS (ICPC-S23|ICD -L63,L64,L65,L66) Research Status : Published Work Sub Category : CLINICAL RESEARCH EVIDENCE GRADE C Journal : Journal Of Ayurveda"
ARP_AYU000249,"CLINICAL RESEARCH AYURVEDA Downloads: 0 A RANDOMIZED OPEN CLINICAL STUDY ON THE EFFICACY OF VAMANA KARMA, VIRECHANA KARMA AND PARISHEKA WITH SIDDHARTHAK SNANOKTA DRAVYA IN THE MANAGEMENT OF MANDAL KUSTHA W.S.R. TO PSORIASIS. ARP ID : ARP_AYU000249 PubMed ID : NI Doi : No Reference Type : JOURNAL ARTICLE Body System : SKIN Disease : PSORIASIS(ICPC-S91|ICD-L40) Research Status : Published Work Sub Category : CLINICAL RESEARCH EVIDENCE GRADE C Journal : Journal Of Ayurveda"
ARP_AYU000250,CLINICAL RESEARCH AYURVEDA Downloads: 0 EFFECT OF ARKA TAIL AND PANCHNIMBA GHANA VATI IN THE MANAGEMENT OF VICHARCHIKA. ARP ID : ARP_AYU000250 PubMed ID : NI Doi : No Reference Type : JOURNAL ARTICLE Body System : SKIN Disease : DERMATITIS/ATOPIC ECZEMA(ICPC-S87|ICD-L20) Research Status : Published Work Sub Category : CLINICAL RESEARCH EVIDENCE GRADE C Journal : Journal Of Ayurveda
ARP_AYU000251,"CLINICAL RESEARCH AYURVEDA Downloads: 0 ROLE OF KAPIKACCHU WHITE SEEDS IN THE MANAGEMENT OF KLAIBYA: A CLINICAL STUDY. ARP ID : ARP_AYU000251 PubMed ID : NI Doi : No Reference Type : JOURNAL ARTICLE Body System : MALE GENITAL Disease : MALE INFERTILITY/SUBFERTILITY (ICPC-Y10|ICD-N46, Z31.0, Z31.4, Z31.6, Z31.8, Z31.9) Research Status : Published Work Sub Category : CLINICAL RESEARCH EVIDENCE GRADE C Journal : Journal Of Ayurveda"
ARP_AYU000262,"CLINICAL RESEARCH AYURVEDA Downloads: 0 CLINICAL EVALUATION OF EFFICACY OF TRAYODASHANG GUGGULU, RASNADI KWATH AND NIRGUNDIPATRA-PINDASWEDA IN THE MANAGEMENT OF KATIGATAVATA ROGA (LUMBER SPONDYLOSIS). ARP ID : ARP_AYU000262 PubMed ID : NI Doi : No Reference Type : JOURNAL ARTICLE Body System : MUSCULOSKELETAL Disease : LUMBAR SPONDYLOSIS (ICD-M47.8) Research Status : Published Work Sub Category : CLINICAL RESEARCH EVIDENCE GRADE C Journal : Journal Of Ayurveda"
ARP_AYU000263,CLINICAL RESEARCH AYURVEDA Downloads: 1 A RANDOMIZED CLINICAL TRIAL OF NAVAKA GUGGULU AND AMRITADI GUGGULU ON OBESITY (STHAULYA) IN ADOLESCENTS. ARP ID : ARP_AYU000263 PubMed ID : NI Doi : No Reference Type : JOURNAL ARTICLE Body System : ENDOCRINE / METABOLIC AND NUTRITIONAL Disease : OBESITY(ICPC-T82|ICD-E66) Research Status : Published Work Sub Category : CLINICAL RESEARCH EVIDENCE GRADE C Journal : Journal Of Ayurveda
ARP_AYU000269,"CLINICAL RESEARCH AYURVEDA Downloads: 0 A COMPARATIVE STUDY OF EFFICACY & SAFETY OF PUSHKARMOOLADI YOGA AND BHARANGI NAGARA KWATHA IN MANAGEMENT OF TAMAKA SHWASA W.S.R. TO CHRONIC OBSTRUCTIVE PULMONARY DISEASE (COPD). ARP ID : ARP_AYU000269 PubMed ID : NI Doi : No Reference Type : JOURNAL ARTICLE Body System : RESPIRATORY Disease : CHRON OBSTRUCTIVE PULMONARY DISEASE(ICPC-R95|ICD-J43, J44) Research Status : Published Work Sub Category : CLINICAL RESEARCH EVIDENCE GRADE C Journal : Journal Of Ayurveda"
ARP_AYU000274,"CLINICAL RESEARCH AYURVEDA Downloads: 0 CLINICAL EVALUATION THE THERAPEUTIC EFFECT OF HARIDRA (CURCUMA LONGA LINN.) CHURNA ON DOSHA, KHADIRA (ACACIA CATECHU LINN. F. WILLD) CHURNA ON DHATU AND ARAGVADHA (CASSIA FISTULA LINN.) CHURNA ON SROTAS IN SHVITRA. ARP ID : ARP_AYU000274 PubMed ID : NI Doi : No Reference Type : JOURNAL ARTICLE Body System : SKIN Disease : VITILIGO(ICD- L80,L81.5) Research Status : Published Work Sub Category : CLINICAL RESEARCH EVIDENCE GRADE B Journal : Journal Of Ayurveda"
ARP_AYU000278,CLINICAL RESEARCH AYURVEDA Downloads: 0 CLINICAL EVALUATION OF SAFETY AND EFFICACY OF AVALGUJA BEEJA CHURNA AND ARKA TAIL IN THE MANAGEMENT OF VICHARCHIKA (ATOPIC DERMATITIS)- A RANDOMIZED CONTROLLED TRIAL. ARP ID : ARP_AYU000278 PubMed ID : NI Doi : No Reference Type : JOURNAL ARTICLE Body System : SKIN Disease : DERMATITIS/ATOPIC ECZEMA(ICPC-S87|ICD-L20) Research Status : Published Work Sub Category : CLINICAL RESEARCH EVIDENCE GRADE B Journal : Journal Of Ayurveda
ARP_AYU000279,"CLINICAL RESEARCH AYURVEDA Downloads: 0 COMPARATIVE STUDY OF PADMADI LAUHAM & IRON FOLIC ACID TABLETS IN THE MANAGEMENT OF GARBHINI PANDU. ARP ID : ARP_AYU000279 PubMed ID : NI Doi : No Reference Type : JOURNAL ARTICLE Body System : PREGNANCY, CHILDBEARING, FAMILY PLANNING Disease : PREGNANCY HIGH RISK(ICPC-W84|ICD-O24.0, O24.1, O24.2, O24.3, O24.9, O25, O30, O31, O32, O33, O34, O35, O36, O40, O43, O44, O99.0, O99.1, O99.2, O99.3, O99.4, O99.5, O99.6, O99.7, Z35) Research Status : Published Work Sub Category : CLINICAL RESEARCH EVIDENCE GRADE B Journal : Journal Of Ayurveda"
ARP_AYU000280,CLINICAL RESEARCH AYURVEDA Downloads: 0 A COMPARATIVE STUDY ON EFFECT OF BILVADI YOGA ASHCHYOTANA AND HARITAKI VIDALAKA IN THE MANAGEMENT OF VATAJA ABHISHYANDA W.S.R. TO SIMPLE ALLERGIC CONJUNCTIVITIS. ARP ID : ARP_AYU000280 PubMed ID : NI Doi : No Reference Type : JOURNAL ARTICLE Body System : EYE Disease : CONJUNCTIVITIS ALLERGIC(ICPC-F71|ICD-H10.1) Research Status : Published Work Sub Category : CLINICAL RESEARCH EVIDENCE GRADE C Journal : Journal Of Ayurveda
ARP_AYU000281,"CLINICAL RESEARCH AYURVEDA Downloads: 0 A STUDY ON EFFICACY OF VIRECHANA AND GAJALINDA KSHARA ON SHWITRA W.S.R. TO VITILIGO (LEUCODERMA). ARP ID : ARP_AYU000281 PubMed ID : NI Doi : No Reference Type : JOURNAL ARTICLE Body System : SKIN Disease : VITILIGO(ICD- L80,L81.5) Research Status : Published Work Sub Category : CLINICAL RESEARCH EVIDENCE GRADE C Journal : Journal Of Ayurveda"
ARP_AYU000282,CLINICAL RESEARCH AYURVEDA Downloads: 0 EPIDIMIO-CLINICAL STUDY OF KANCHANARA GUGGULU ON MEDOJA- ARBUDA WITH SPECIAL REFERENCE TO LIPOMA. ARP ID : ARP_AYU000282 PubMed ID : NI Doi : No Reference Type : JOURNAL ARTICLE Body System : SKIN Disease : LIPOMA(ICPC-S78|ICD-D17) Research Status : Published Work Sub Category : CLINICAL RESEARCH EVIDENCE GRADE C Journal : Journal Of Ayurveda
ARP_AYU000283,CLINICAL RESEARCH AYURVEDA Downloads: 0 EFFICACY OF SARIVA GHANAVATI IN YUVAN PIDAKA. ARP ID : ARP_AYU000283 PubMed ID : NI Doi : No Reference Type : JOURNAL ARTICLE Body System : SKIN Disease : ACNE(ICPC-S96|ICD-L70) Research Status : Published Work Sub Category : CLINICAL RESEARCH EVIDENCE GRADE C Journal : Journal Of Ayurveda
ARP_AYU000284,CLINICAL RESEARCH AYURVEDA Downloads: 2 A RANDOMIZED CLINICAL STUDY TO COMPARE THE EFFECT OF ERANDA BHRISHTA HARITAKA CHURNA ORALLY AND TRIVRITA TAILA MATRABASTI FOR APANA VATA ANULOMANA IN UDAVARTINI YONIVYAPADA (PRIMARY DYSMENORRHEA). ARP ID : ARP_AYU000284 PubMed ID : NI Doi : No Reference Type : JOURNAL ARTICLE Body System : FEMALE GENITAL SYSTEM INCLUDING BREAST Disease : DYSMENORRHOEA(ICD-N94.4) Research Status : Published Work Sub Category : CLINICAL RESEARCH EVIDENCE GRADE C Journal : Journal Of Ayurveda
ARP_AYU000285,CLINICAL RESEARCH AYURVEDA Downloads: 0 AYURVEDA MANAGEMENT OF GOITRE WITH HYPOTHYROIDISM - A SINGLE CASE STUDY. ARP ID : ARP_AYU000285 PubMed ID : NI Doi : No Reference Type : JOURNAL ARTICLE Body System : ENDOCRINE / METABOLIC AND NUTRITIONAL Disease : GOITRE(ICPC-T81|ICD-E04) Research Status : Published Work Sub Category : CLINICAL RESEARCH EVIDENCE GRADE C Journal : Journal Of Ayurveda
ARP_AYU000286,CLINICAL RESEARCH AYURVEDA Downloads: 0 A SIGNIFICANT EFFECT OF SHODHANA THERAPY ON MANDALA KUSHTHA: W.R.S. PSORIASIS: A SINGLE CASE STUDY. ARP ID : ARP_AYU000286 PubMed ID : NI Doi : No Reference Type : JOURNAL ARTICLE Body System : SKIN Disease : PSORIASIS(ICPC-S91|ICD-L40) Research Status : Published Work Sub Category : CLINICAL RESEARCH EVIDENCE GRADE C Journal : Journal Of Ayurveda
ARP_AYU000305,CLINICAL RESEARCH AYURVEDA Downloads: 0 EFFECT OF MODIFIED KSHAR KARMA (SCLEROTHERAPY) IN THE MANAGEMENT OF HAEMORRHOIDS - A COMPARATIVE STUDY OF PHENOL AND APAMARG KSHAR. ARP ID : ARP_AYU000305 PubMed ID : NI Doi : No Reference Type : JOURNAL ARTICLE Body System : DIGESTIVE Disease : HAEMORRHOIDS(ICD-K64.8) Research Status : Published Work Sub Category : CLINICAL RESEARCH EVIDENCE GRADE C Journal : Journal Of Ayurveda
ARP_AYU000308,"CLINICAL RESEARCH AYURVEDA Downloads: 0 A COMPARATIVE STUDY OF SNUHI KSHARA AND APAMARG KSHARA IN THE MANAGEMENT OF KARNINI YONIVYAPAD W.S.R. TO CERVICAL EROSION. ARP ID : ARP_AYU000308 PubMed ID : NI Doi : No Reference Type : JOURNAL ARTICLE Body System : FEMALE GENITAL SYSTEM INCLUDING BREAST Disease : CERVICAL DISEASE NOS(ICPC-X85|ICD-N72, N84.1, N86, N88) Research Status : Published Work Sub Category : CLINICAL RESEARCH EVIDENCE GRADE C Journal : Journal Of Ayurveda"
ARP_AYU000311,"CLINICAL RESEARCH AYURVEDA Downloads: 0 CLINICAL STUDY ON THE EFFICACY OF SHRI SIDDHA MODAK IN THE MANAGEMENT OF BALSHOSH W.S.R. TO PROTEIN ENERGY MALNUTRITION IN CHILDREN. ARP ID : ARP_AYU000311 PubMed ID : NI Doi : No Reference Type : JOURNAL ARTICLE Body System : ENDOCRINE / METABOLIC AND NUTRITIONAL Disease : VITAMIN/NUTRITIONAL DEFICIENCY(ICPC-T91|ICD-E40, E41, E42, E43, E44, E45, E46, E50, E51.1, E51.8, E51.9, E52, E53, E54, E55, E56, E58, E59, E60, E61, E63, E64) Research Status : Published Work Sub Category : CLINICAL RESEARCH EVIDENCE GRADE B Journal : Journal Of Ayurveda"
ARP_AYU000313,"CLINICAL RESEARCH AYURVEDA Downloads: 0 A CLINICAL STUDY TO EVALUATE THE EFFICACY OF KUKKUTAND RAS AND PALANDU SWARAS IN THE MANAGEMENT OF KESHPATAN. ARP ID : ARP_AYU000313 PubMed ID : NI Doi : No Reference Type : JOURNAL ARTICLE Body System : SKIN Disease : HAIR LOSS/ BALDNESS (ICPC-S23|ICD -L63,L64,L65,L66) Research Status : Published Work Sub Category : CLINICAL RESEARCH EVIDENCE GRADE C Journal : Journal Of Ayurveda"
ARP_AYU000314,CLINICAL RESEARCH AYURVEDA Downloads: 0 EVALUATION OF VACHA (ACORUS CALAMUS LINN.) & SHALMALI KANTAKA (BOMBEX CEIBA LINN.) IN THE MANAGEMENT OF YUVANAPIDIKA. ARP ID : ARP_AYU000314 PubMed ID : NI Doi : No Reference Type : JOURNAL ARTICLE Body System : SKIN Disease : ACNE(ICPC-S96|ICD-L70) Research Status : Published Work Sub Category : CLINICAL RESEARCH EVIDENCE GRADE B Journal : Journal Of Ayurveda
ARP_AYU000315,CLINICAL RESEARCH AYURVEDA Downloads: 0 COMPARATIVE EFFICACY OF NASYA AND CERVICAL TRACTION IN THE MANAGEMENT OF MANYASTAMBHA. ARP ID : ARP_AYU000315 PubMed ID : NI Doi : No Reference Type : JOURNAL ARTICLE Body System : MUSCULOSKELETAL Disease : CERVICAL SPONDYLOSIS ((ICPC-L83|ICD-M47.8) Research Status : Published Work Sub Category : CLINICAL RESEARCH EVIDENCE GRADE C Journal : Journal Of Ayurveda
ARP_AYU000316,CLINICAL RESEARCH AYURVEDA Downloads: 1 EFFECT OF TRIPHALADI VIRECHANA KARMA IN THE MANAGEMENT OF ESSENTIAL HYPERTENTION. ARP ID : ARP_AYU000316 PubMed ID : NI Doi : No Reference Type : JOURNAL ARTICLE Body System : CIRCULATORY Disease : HYPERTENSION UNCOMPLICATED(ICPC-K86|ICD-I10) Research Status : Published Work Sub Category : CLINICAL RESEARCH EVIDENCE GRADE C Journal : Journal Of Ayurveda
ARP_AYU000317,CLINICAL RESEARCH AYURVEDA Downloads: 0 CLINICAL EVALUATION ON THE EFFECT OF BALA TAILA NASYA AND GYAN MUDRA IN THE MANAGEMENT OF VATIKA SHIRAHSHOOLA W.S.R. TO TENSION HEADACHE. ARP ID : ARP_AYU000317 PubMed ID : NI Doi : No Reference Type : JOURNAL ARTICLE Body System : NEUROLOGICAL Disease : TENSION HEADACHE(ICPC-N95|ICD-G44.2) Research Status : Published Work Sub Category : CLINICAL RESEARCH EVIDENCE GRADE C Journal : Journal Of Ayurveda
ARP_AYU000318,"CLINICAL RESEARCH AYURVEDA Downloads: 0 A NIDANATMAKA STUDY ON SANDHIGATA VATA (DEGENERATIVE JOINT DISEASE) AMONG LOCAL COMMUNITY OF JAIPUR. ARP ID : ARP_AYU000318 PubMed ID : NI Doi : No Reference Type : JOURNAL ARTICLE Body System : MUSCULOSKELETAL Disease : OSTEOARTHROSIS OTHER(ICPC-L91|ICD-M13, M15, M18, M19) Research Status : Published Work Sub Category : CLINICAL RESEARCH EVIDENCE GRADE C Journal : Journal Of Ayurveda"
ARP_AYU000321,CLINICAL RESEARCH AYURVEDA Downloads: 0 A CLINICAL STUDY TO EVALUATE EFFECT OF AGNI KARMA AND SHUDDHA GUGGULU IN THE MANAGEMENT OF SNAYU VIKARA W.S.R. TENNIS ELBOW. ARP ID : ARP_AYU000321 PubMed ID : NI Doi : No Reference Type : JOURNAL ARTICLE Body System : MUSCULOSKELETAL Disease : TENNIS ELBOW(ICPC-L93|ICD-M77.1) Research Status : Published Work Sub Category : CLINICAL RESEARCH EVIDENCE GRADE C Journal : Journal Of Ayurveda
ARP_AYU000322,"CLINICAL RESEARCH AYURVEDA Downloads: 0 CLINICAL EVALUATION OF DHATRYKHADIRA KWATH ON SHVITRA. ARP ID : ARP_AYU000322 PubMed ID : NI Doi : No Reference Type : JOURNAL ARTICLE Body System : SKIN Disease : VITILIGO(ICD- L80,L81.5) Research Status : Published Work Sub Category : CLINICAL RESEARCH EVIDENCE GRADE C Journal : Journal Of Ayurveda"
ARP_AYU000323,CLINICAL RESEARCH AYURVEDA Downloads: 0 A COMPARATIVE CLINICAL STUDY OF RAJAH-PRAVARTANI-VATI AND TREIVREITA-SNEHA ANUVASAN-BASTI ON KASHTARTAVA W.S.R TO PRIMARY DYSMENORRHOEA. ARP ID : ARP_AYU000323 PubMed ID : NI Doi : No Reference Type : JOURNAL ARTICLE Body System : FEMALE GENITAL SYSTEM INCLUDING BREAST Disease : DYSMENORRHOEA(ICD-N94.4) Research Status : Published Work Sub Category : CLINICAL RESEARCH EVIDENCE GRADE B Journal : Journal Of Ayurveda
ARP_AYU000324,"CLINICAL RESEARCH AYURVEDA Downloads: 1 MANAGEMENT OF MUTRASHMARI W.S.R. TO UROLITHIASIS- A COMPARATIVE STUDY OF VARUNADI KWATH AND TRIVIKRAM RASA. ARP ID : ARP_AYU000324 PubMed ID : NI Doi : No Reference Type : JOURNAL ARTICLE Body System : URINARY SYSTEM Disease : URINARY CALCULUS(ICPC-U95|ICD-N20, N21, N22) Research Status : Published Work Sub Category : CLINICAL RESEARCH EVIDENCE GRADE C Journal : Journal Of Ayurveda"
ARP_AYU000325,CLINICAL RESEARCH AYURVEDA Downloads: 0 CLINICAL STUDY ON THE EFFICACY OF AN AYURVEDIC COMPOUND AND PANCHAKARMA PROCEDURE IN THE MANAGEMENT OF SPASTICITY AMONG CHILDREN SUFFERING FROM SPASTIC CEREBRAL PALSY. ARP ID : ARP_AYU000325 PubMed ID : NI Doi : No Reference Type : JOURNAL ARTICLE Body System : NEUROLOGICAL Disease : CEREBRAL PALSY (ICD-G80.9) Research Status : Published Work Sub Category : CLINICAL RESEARCH EVIDENCE GRADE C Journal : Journal Of Ayurveda
ARP_AYU000327,"CLINICAL RESEARCH AYURVEDA Downloads: 0 CLINICAL EVALUATION OF EFFICACY OF RASNAGUGGULU, RASNASAPTAK KWATH AND ABHYANGA - SWEDANA IN THE MANAGEMENT OF GRIDHRASI ROGA SCIATICA. ARP ID : ARP_AYU000327 PubMed ID : NI Doi : No Reference Type : JOURNAL ARTICLE Body System : MUSCULOSKELETAL Disease : SCIATICA ((ICPC-L86|ICD-M54.3) Research Status : Published Work Sub Category : CLINICAL RESEARCH EVIDENCE GRADE C Journal : Journal Of Ayurveda"
ARP_AYU000328,"CLINICAL RESEARCH AYURVEDA Downloads: 0 EVALUATION OF PIPPALI (PIPER LONGUM LINN.) AND LAUHA BHASMA ON BLOOD HAEMOGLOBIN LEVEL. ARP ID : ARP_AYU000328 PubMed ID : NI Doi : No Reference Type : JOURNAL ARTICLE Body System : BLOOD, BLOOD FORMING ORGANS AND IMMUNE MECHANISM Disease : IRON DEFICIENCY ANAEMIA(ICPC-B80|ICD-D50) Research Status : Published Work Sub Category : CLINICAL RESEARCH EVIDENCE GRADE C Journal : Journal Of Ayurveda"
ARP_AYU000329,"CLINICAL RESEARCH AYURVEDA Downloads: 0 CLINICAL EVALUATION OF PIPPALYADI GANDUSHA AND PHALATRIKADI KWATHA IN THE MANAGEMENT OF TUNDIKERI W.S.R. TO TONSILLITIS. ARP ID : ARP_AYU000329 PubMed ID : NI Doi : No Reference Type : JOURNAL ARTICLE Body System : RESPIRATORY Disease : TONSILLITIS ACUTE(ICPC-R76|ICD-J03.8, J03.9, J36) Research Status : Published Work Sub Category : CLINICAL RESEARCH EVIDENCE GRADE C Journal : Journal Of Ayurveda"
ARP_AYU000330,CLINICAL RESEARCH AYURVEDA Downloads: 0 ROLE OF ANKOLADI TAILA IN CHILDHOOD SEBORRHEIC DERMATITIS W.S.R. TO ARUMSHIK. ARP ID : ARP_AYU000330 PubMed ID : NI Doi : No Reference Type : JOURNAL ARTICLE Body System : SKIN Disease : DERMATITIS SEBORRHOEIC (ICPC-S86|ICD-L21) Research Status : Published Work Sub Category : CLINICAL RESEARCH EVIDENCE GRADE C Journal : Journal Of Ayurveda
ARP_AYU000331,"CLINICAL RESEARCH AYURVEDA Downloads: 0 EFFECT OF BATANKURA KSHEERA (FICUS BENGHALENSIS LATEX) AND KARPOORA IN THE PREVENTION OF RECURRENCE OF ARMA (PTERYGIUM) AFTER ARMA CHHEDANA (PTERYGECTOMY). ARP ID : ARP_AYU000331 PubMed ID : NI Doi : No Reference Type : JOURNAL ARTICLE Body System : EYE Disease : EYE/ADNEXA DISEASE OTHER(ICPC-F99|ICD-H02.0, H02.1, H02.8, H02.9, H04.0, H04.1, H04.5, H04.6, H04.8, H04.9, H04.12, H05.2, H05.3, H05.4, H05.5, H05.8, H05.9, H06, H11.0, H11.1, H11.2, H11.4, H11.8, H11.9, H15, H17, H18, H27, H31, H34, H35.5, H35.6, H35.7, H35.8, H35.9, H43, H44.0, H44.1, H44.2, H44.3,H47, H55, H57,H58,H59 Research Status : Published Work Sub Category : CLINICAL RESEARCH EVIDENCE GRADE C Journal : Journal Of Ayurveda"
ARP_AYU000344,"CLINICAL RESEARCH AYURVEDA Downloads: 0 ROLE OF PALASHADI GHANA VATI AND VRIKSHAKADI GHANA VATI ON SEXUAL HEALTH PROFILE: A RANDOMIZED CONTROLLED TRIAL. ARP ID : ARP_AYU000344 PubMed ID : NI Doi : No Reference Type : JOURNAL ARTICLE Body System : MALE GENITAL Disease : GENITAL DISEASE MALE OTHER(ICPC-Y99|ICD-A55, A57, A58, A63.8, N42.0, N42.1, N42.2, N42.8, N42.9, N43.4, N44, N48.0, N48.2, N48.5, N48.6, N48.8, N49.1, N49.2, N49.8, N49.9, N50.0, N50.1, N50.8, N50.9, N51, N64.8, Z90.7) Research Status : Published Work Sub Category : CLINICAL RESEARCH EVIDENCE GRADE B Journal : Journal Of Ayurveda"
ARP_AYU000345,"CLINICAL RESEARCH AYURVEDA Downloads: 0 A CLINICAL EFFICACY OF HARISHANKAR RAS AND KHADIR-KRAMUKKWATH IN MADHUMEHA WITH SPECIAL REFERENCE TO DIABETES MELLITUS TYPE II. ARP ID : ARP_AYU000345 PubMed ID : NI Doi : No Reference Type : JOURNAL ARTICLE Body System : ENDOCRINE / METABOLIC AND NUTRITIONAL Disease : DIABETES NON-INSULIN DEPENDENT(ICPC-T90|ICD-E11, E12, E13, E14) Research Status : Published Work Sub Category : CLINICAL RESEARCH EVIDENCE GRADE C Journal : Journal Of Ayurveda"
ARP_AYU000346,CLINICAL RESEARCH AYURVEDA Downloads: 0 A COMPARATIVE CLINICAL STUDY ON ARAGVADAADIPRATISARANEEYAKSHAR AND IRC IN THE MANAGEMENT OF ABHYANTARARSHAW.S.R. TO I0 & II0 INTERNAL HAEMORRHOIDS. ARP ID : ARP_AYU000346 PubMed ID : NI Doi : No Reference Type : JOURNAL ARTICLE Body System : DIGESTIVE Disease : HAEMORRHOIDS(ICD-K64.8) Research Status : Published Work Sub Category : CLINICAL RESEARCH EVIDENCE GRADE C Journal : Journal Of Ayurveda
ARP_AYU000347,"CLINICAL RESEARCH AYURVEDA Downloads: 0 CLINICAL EVALUATION OF EFFICACY OF PIPPALYADI YOGA IN THE MANAGEMENT OF PANDU ROGA W.S.R TO IRON DEFICIENCY ANEMIA IN CHILDREN. ARP ID : ARP_AYU000347 PubMed ID : NI Doi : No Reference Type : JOURNAL ARTICLE Body System : BLOOD, BLOOD FORMING ORGANS AND IMMUNE MECHANISM Disease : IRON DEFICIENCY ANAEMIA(ICPC-B80|ICD-D50) Research Status : Published Work Sub Category : CLINICAL RESEARCH EVIDENCE GRADE C Journal : Journal Of Ayurveda"
ARP_AYU000350,"CLINICAL RESEARCH AYURVEDA Downloads: 0 CLINICAL STUDY OF KALYANAKAGHRIT IN VANDHYATWA W.S.R. TO OVARIAN FACTOR. ARP ID : ARP_AYU000350 PubMed ID : NI Doi : No Reference Type : JOURNAL ARTICLE Body System : FEMALE GENITAL SYSTEM INCLUDING BREAST Disease : FEMALE INFERTILITY/SUBFERTILITY (ICPC-W15|ICD-N97.0, N97.1, N97.2, N97.3, N97.4, N97.8, N97.9) Research Status : Published Work Sub Category : CLINICAL RESEARCH EVIDENCE GRADE C Journal : Journal Of Ayurveda"
ARP_AYU000351,"CLINICAL RESEARCH AYURVEDA Downloads: 0 A COMPARATIVE STUDY ON THE EFFICACY OF VYOSHADIVARTI AND CHANDRODAYAVARTI IN THE MANAGEMENT OF ARMA (PTERYGIUM). ARP ID : ARP_AYU000351 PubMed ID : NI Doi : No Reference Type : JOURNAL ARTICLE Body System : EYE Disease : EYE/ADNEXA DISEASE OTHER(ICPC-F99|ICD-H02.0, H02.1, H02.8, H02.9, H04.0, H04.1, H04.5, H04.6, H04.8, H04.9, H04.12, H05.2, H05.3, H05.4, H05.5, H05.8, H05.9, H06, H11.0, H11.1, H11.2, H11.4, H11.8, H11.9, H15, H17, H18, H27, H31, H34, H35.5, H35.6, H35.7, H35.8, H35.9, H43, H44.0, H44.1, H44.2, H44.3,H47, H55, H57,H58,H59 Research Status : Published Work Sub Category : CLINICAL RESEARCH EVIDENCE GRADE C Journal : Journal Of Ayurveda"
ARP_AYU000353,"CLINICAL RESEARCH AYURVEDA Downloads: 0 THE EFFECT OF SHUNTHYADIKWATHA IN THE MANAGEMENT OF AMAVATA- A CLINICAL STUDY. ARP ID : ARP_AYU000353 PubMed ID : NI Doi : No Reference Type : JOURNAL ARTICLE Body System : MUSCULOSKELETAL Disease : RHEUMATOID/SEROPOSITIVE ARTHRITIS(ICPC-L88|ICD-M05, M06, M08, M45) Research Status : Published Work Sub Category : CLINICAL RESEARCH EVIDENCE GRADE C Journal : Journal Of Ayurveda"
ARP_AYU000354,"CLINICAL RESEARCH AYURVEDA Downloads: 0 EFFICACY OF KAMPAVATARI RASA IN KAMPAVATA W.S.R. TO PARKINSONS DISEASE. ARP ID : ARP_AYU000354 PubMed ID : NI Doi : No Reference Type : JOURNAL ARTICLE Body System : NEUROLOGICAL Disease : PARKINSONISM(ICPC-N87|ICD-G20, G21, G22) Research Status : Published Work Sub Category : CLINICAL RESEARCH EVIDENCE GRADE C Journal : Journal Of Ayurveda"
ARP_AYU000355,"CLINICAL RESEARCH AYURVEDA Downloads: 0 A COMPARATIVE STUDY ON THE EFFECT OF AVASADAHARA YOGA (KALPIT) AND PSYCHOTHERAPY IN THE MANAGEMENT OF DEPRESSION. ARP ID : ARP_AYU000355 PubMed ID : NI Doi : No Reference Type : JOURNAL ARTICLE Body System : PSYCHOLOGICAL Disease : DEPRESSIVE DISORDER(ICPC-P76|ICD-F32, F33, F34.1, F34.8, F34.9, F38, F39, F41.2, F53.0) Research Status : Published Work Sub Category : CLINICAL RESEARCH EVIDENCE GRADE C Journal : Journal Of Ayurveda"
ARP_AYU000356,CLINICAL RESEARCH AYURVEDA Downloads: 0 A CLINICAL STUDY ON THE EFFICACY OF TRIPHALADIKWATHA AS APATARPANA MEASURE ON STHAULYA AND DADRU I.E. SANTARPANOTTHAROGA. ARP ID : ARP_AYU000356 PubMed ID : NI Doi : No Reference Type : JOURNAL ARTICLE Body System : ENDOCRINE / METABOLIC AND NUTRITIONAL Disease : OBESITY(ICPC-T82|ICD-E66) Research Status : Published Work Sub Category : CLINICAL RESEARCH EVIDENCE GRADE C Journal : Journal Of Ayurveda
ARP_AYU000358,"CLINICAL RESEARCH AYURVEDA Downloads: 1 A CLINICAL EVALUATION OF SAPTAMRITALAUHA AND KACHAYAPANA ANJANA IN THE MANAGEMENT OF KACHA W.S.R. TO CATARACT. ARP ID : ARP_AYU000358 PubMed ID : NI Doi : No Reference Type : JOURNAL ARTICLE Body System : EYE Disease : CATARACT(ICPC-F92|ICD-H25, H26, H28) Research Status : Published Work Sub Category : CLINICAL RESEARCH EVIDENCE GRADE C Journal : Journal Of Ayurveda"
ARP_AYU000359,CLINICAL RESEARCH AYURVEDA Downloads: 0 DEVELOPMENT OF ASSESSMENT CRITERIA OF LAGHUGUNA OF VATA AND ITS APPLIED ASPECT IN STHAULYA W.S.R. TO VIDANGADICHURNA. ARP ID : ARP_AYU000359 PubMed ID : NI Doi : No Reference Type : JOURNAL ARTICLE Body System : ENDOCRINE / METABOLIC AND NUTRITIONAL Disease : OBESITY(ICPC-T82|ICD-E66) Research Status : Published Work Sub Category : CLINICAL RESEARCH EVIDENCE GRADE C Journal : Journal Of Ayurveda
ARP_AYU000361,"CLINICAL RESEARCH AYURVEDA Downloads: 0 PHARMACOGNOSTICAL STUDY OF KIGELIAPINNATA (JACQ.) (BALAMKHIRA) AND ITS EFFECT ON FACIAL BLEMISHES. ARP ID : ARP_AYU000361 PubMed ID : NI Doi : No Reference Type : JOURNAL ARTICLE Body System : SKIN Disease : SKIN DISEASE OTHER(ICPC-S99|ICD-L10, L11, L12, L13, L14, L26, L28, L30.2, L30.5, L41, L43, L44, L45, L51, L52, L53.0, L53.1, L53.2, L53.3, L53.8, L54, L60.2, L60.3, L60.8, L68, L71, L72.0, L72.2, L72.8, L72.9, L73.0, L73.1, L73.8, L73.9, L80, L81.1, L81.4, L81.5, L81.6, L81.7, L81.8, L81.9, L82, L8) Research Status : Published Work Sub Category : CLINICAL RESEARCH EVIDENCE GRADE C Journal : Journal Of Ayurveda"
ARP_AYU000362,CLINICAL RESEARCH AYURVEDA Downloads: 0 EFFECT OF KANDUGHNAMAHAKASHAYACHURNA WITH HAYAMARADITAILA PICHU IN THE MANAGEMENT OF ACHARANA YONIVYAPAD (W.S.R. TO PRURITUS VULVAE) - A CASE STUDY. ARP ID : ARP_AYU000362 PubMed ID : NI Doi : No Reference Type : JOURNAL ARTICLE Body System : SKIN Disease : PRURITUS (ICPC- S02|ICD L29) Research Status : Published Work Sub Category : CLINICAL RESEARCH EVIDENCE GRADE C Journal : Journal Of Ayurveda
ARP_AYU000365,CLINICAL RESEARCH AYURVEDA Downloads: 0 ROLE OF AGNI KARMA IN THE MANAGEMENT OF TENNIS ELBOW. ARP ID : ARP_AYU000365 PubMed ID : NI Doi : No Reference Type : JOURNAL ARTICLE Body System : MUSCULOSKELETAL Disease : TENNIS ELBOW(ICPC-L93|ICD-M77.1) Research Status : Published Work Sub Category : CLINICAL RESEARCH EVIDENCE GRADE B Journal : Journal Of Ayurveda
ARP_AYU000366,CLINICAL RESEARCH AYURVEDA Downloads: 0 EFFICACY OF KALPIT TRIPHALADI GHANA VATI ON MEDODHATU VRIDDHI. ARP ID : ARP_AYU000366 PubMed ID : NI Doi : No Reference Type : JOURNAL ARTICLE Body System : ENDOCRINE / METABOLIC AND NUTRITIONAL Disease : OBESITY(ICPC-T82|ICD-E66) Research Status : Published Work Sub Category : CLINICAL RESEARCH EVIDENCE GRADE C Journal : Journal Of Ayurveda
ARP_AYU000367,"CLINICAL RESEARCH AYURVEDA Downloads: 0 CLINICAL EVALUATION OF KANCHNAAR SHIGRU CHURNA & PANCHKOL PHANTA IN HYPOTHYROIDISM. ARP ID : ARP_AYU000367 PubMed ID : NI Doi : No Reference Type : JOURNAL ARTICLE Body System : ENDOCRINE / METABOLIC AND NUTRITIONAL Disease : HYPOTHYROIDISM/MYXOEDEMA(ICPC-T86|ICD-E01, E02, E03) Research Status : Published Work Sub Category : CLINICAL RESEARCH EVIDENCE GRADE C Journal : Journal Of Ayurveda"
ARP_AYU000383,"CLINICAL RESEARCH AYURVEDA Downloads: 0 THERAPEUTIC STUDY OF SHILAJEETIN VATIK PRAMEHA UPADRAVA (DIABETIC NEUROPATHY). ARP ID : ARP_AYU000383 PubMed ID : NI Doi : No Reference Type : JOURNAL ARTICLE Body System : ENDOCRINE / METABOLIC AND NUTRITIONAL Disease : DIABETES NON-INSULIN DEPENDENT(ICPC-T90|ICD-E11, E12, E13, E14) Research Status : Published Work Sub Category : CLINICAL RESEARCH EVIDENCE GRADE C Journal : Journal Of Ayurveda"
ARP_AYU000384,"CLINICAL RESEARCH AYURVEDA Downloads: 0 CLINICAL EVALUATION OF DARVADI GHRITA AND SHILAJATU IN VATAJA COMPLICATION OF PRAMEHA. ARP ID : ARP_AYU000384 PubMed ID : NI Doi : No Reference Type : JOURNAL ARTICLE Body System : ENDOCRINE / METABOLIC AND NUTRITIONAL Disease : DIABETES NON-INSULIN DEPENDENT(ICPC-T90|ICD-E11, E12, E13, E14) Research Status : Published Work Sub Category : CLINICAL RESEARCH EVIDENCE GRADE C Journal : Journal Of Ayurveda"
ARP_AYU000385,"CLINICAL RESEARCH AYURVEDA Downloads: 0 EVALUATION OF THE EFFICACY OF DARVYADI KWATHA AND MADHUMEHARI CHURNA IN THE MANAGEMENT OF MADHUMEHA W.S.R. TO DIABETES MELLITUS TYPE-2 (NIDDM). ARP ID : ARP_AYU000385 PubMed ID : NI Doi : No Reference Type : JOURNAL ARTICLE Body System : ENDOCRINE / METABOLIC AND NUTRITIONAL Disease : DIABETES NON-INSULIN DEPENDENT(ICPC-T90|ICD-E11, E12, E13, E14) Research Status : Published Work Sub Category : CLINICAL RESEARCH EVIDENCE GRADE C Journal : Journal Of Ayurveda"
ARP_AYU000386,"CLINICAL RESEARCH AYURVEDA Downloads: 0 EFFECT OF SHODHANA ROPANA LEPA IN DIABETIC FOOT ULCER (MADHUMEHAJANYA DUSHTAVRANA)- A CASE STUDY. ARP ID : ARP_AYU000386 PubMed ID : NI Doi : No Reference Type : JOURNAL ARTICLE Body System : ENDOCRINE / METABOLIC AND NUTRITIONAL Disease : DIABETES NON-INSULIN DEPENDENT(ICPC-T90|ICD-E11, E12, E13, E14) Research Status : Published Work Sub Category : CLINICAL RESEARCH EVIDENCE GRADE C Journal : Journal Of Ayurveda"
ARP_AYU000387,"CLINICAL RESEARCH AYURVEDA Downloads: 0 SURGICAL WOUND INFECTION AND DEHISCENCE IN AN UNDIAGNOSED DIABETIC PATIENT. ARP ID : ARP_AYU000387 PubMed ID : NI Doi : No Reference Type : JOURNAL ARTICLE Body System : ENDOCRINE / METABOLIC AND NUTRITIONAL Disease : DIABETES NON-INSULIN DEPENDENT(ICPC-T90|ICD-E11, E12, E13, E14) Research Status : Published Work Sub Category : CLINICAL RESEARCH EVIDENCE GRADE C Journal : Journal Of Ayurveda"
ARP_AYU000388,"CLINICAL RESEARCH AYURVEDA Downloads: 0 THUMARI OIL (SECURINEGA LEUCOPYRUS) IN THE MANAGEMENT OF DIABETIC FOOT ULCER - A CASE REPORT. ARP ID : ARP_AYU000388 PubMed ID : NI Doi : No Reference Type : JOURNAL ARTICLE Body System : ENDOCRINE / METABOLIC AND NUTRITIONAL Disease : DIABETES NON-INSULIN DEPENDENT(ICPC-T90|ICD-E11, E12, E13, E14) Research Status : Published Work Sub Category : CLINICAL RESEARCH EVIDENCE GRADE C Journal : Journal Of Ayurveda"
ARP_AYU000391,CLINICAL RESEARCH AYURVEDA Downloads: 0 ROLE OF VASAKADI KWATH IN DIABETIC RETINAL HEMORRHAGES - A CASE STUDY. ARP ID : ARP_AYU000391 PubMed ID : NI Doi : No Reference Type : JOURNAL ARTICLE Body System : EYE Disease : RETINAL HAEMORRHAGE(ICD-H 35.6) Research Status : Published Work Sub Category : CLINICAL RESEARCH EVIDENCE GRADE C Journal : Journal Of Ayurveda
ARP_AYU000392,CLINICAL RESEARCH AYURVEDA Downloads: 0 CLINICAL STUDY ON THE EFFECT OF SHATAHVADI DHUMAPANA WITH OR WITHOUT PIPPALI RASAYANA IN PEENASA WITH SPECIAL REFERENCE TO CHRONIC SIMPLE RHINITIS. ARP ID : ARP_AYU000392 PubMed ID : NI Doi : No Reference Type : JOURNAL ARTICLE Body System : RESPIRATORY Disease : CHRONIC RHINITIS(ICD-J31.0) Research Status : Published Work Sub Category : CLINICAL RESEARCH EVIDENCE GRADE C Journal : Journal Of Ayurveda
ARP_AYU000393,CLINICAL RESEARCH AYURVEDA Downloads: 0 A COMPARATIVE STUDY OF TWO SAMPLES OF KUSHMAND KHAND IN AMLAPITTA: A PROSPECTIVE RANDOMIZED CONTROL TRIAL. ARP ID : ARP_AYU000393 PubMed ID : NI Doi : No Reference Type : JOURNAL ARTICLE Body System : DIGESTIVE Disease : HYPERACIDITY(ICD-K31.8) Research Status : Published Work Sub Category : CLINICAL RESEARCH EVIDENCE GRADE C Journal : Journal Of Ayurveda
ARP_AYU000394,CLINICAL RESEARCH AYURVEDA Downloads: 0 CLINICAL STUDY ON THE EFFECT OF AN AYURVEDA FORMULATION IN THE MANAGEMENT OF MEDODUSHTI W.S.R. TO DYSLIPIDAEMIA. ARP ID : ARP_AYU000394 PubMed ID : NI Doi : No Reference Type : JOURNAL ARTICLE Body System : ENDOCRINE / METABOLIC AND NUTRITIONAL Disease : DYSLIPIDEMIA (ICD-E78) Research Status : Published Work Sub Category : CLINICAL RESEARCH EVIDENCE GRADE C Journal : Journal Of Ayurveda
ARP_AYU000395,"CLINICAL RESEARCH AYURVEDA Downloads: 1 A CLINICAL STUDY ON THE EFFICACY OF ARDHANARISHVARA RASA NASYA AND NIMBADI GUGGULU IN THE MANAGEMENT OF KAPHAJA SHIROROGA W.S.R. TO SINUSITIS. ARP ID : ARP_AYU000395 PubMed ID : NI Doi : No Reference Type : JOURNAL ARTICLE Body System : RESPIRATORY Disease : SINUSITIS ACUTE/CHRONIC(ICPC-R75|ICD-J01, J32) Research Status : Published Work Sub Category : CLINICAL RESEARCH EVIDENCE GRADE C Journal : Journal Of Ayurveda"
ARP_AYU000396,"CLINICAL RESEARCH AYURVEDA Downloads: 0 A STUDY OF VYANGHARA KARMA OF LAKSHA OBTAINED FROM DIFFERENT HOST PLANTS. ARP ID : ARP_AYU000396 PubMed ID : NI Doi : No Reference Type : JOURNAL ARTICLE Body System : SKIN Disease : SKIN DISEASE OTHER(ICPC-S99|ICD-L10, L11, L12, L13, L14, L26, L28, L30.2, L30.5, L41, L43, L44, L45, L51, L52, L53.0, L53.1, L53.2, L53.3, L53.8, L54, L60.2, L60.3, L60.8, L68, L71, L72.0, L72.2, L72.8, L72.9, L73.0, L73.1, L73.8, L73.9, L80, L81.1, L81.4, L81.5, L81.6, L81.7, L81.8, L81.9, L82, L8) Research Status : Published Work Sub Category : CLINICAL RESEARCH EVIDENCE GRADE C Journal : Journal Of Ayurveda"
ARP_AYU000397,CLINICAL RESEARCH AYURVEDA Downloads: 0 AYURVEDIC MANAGEMENT OF OBSTRUCTIVE UROPATHY WITH VESICO-URETERAL REFLUX: A CASE STUDY. ARP ID : ARP_AYU000397 PubMed ID : NI Doi : No Reference Type : JOURNAL ARTICLE Body System : URINARY SYSTEM Disease : OBSTRUCTIVE UROPATHY WITH VESICOURETERAL REFLEX(ICD-N13.7) Research Status : Published Work Sub Category : CLINICAL RESEARCH EVIDENCE GRADE C Journal : Journal Of Ayurveda
ARP_AYU000398,CLINICAL RESEARCH AYURVEDA Downloads: 0 FUNCTIONAL OUTCOME OF BASTI KARMA IN AVASCULAR NECROSIS OF FEMORAL HEAD - A CASE REPORT. ARP ID : ARP_AYU000398 PubMed ID : NI Doi : No Reference Type : JOURNAL ARTICLE Body System : MUSCULOSKELETAL Disease : AVASCULAR NECROSIS OF FEMUR(ICD-M 87.059) Research Status : Published Work Sub Category : CLINICAL RESEARCH EVIDENCE GRADE C Journal : Journal Of Ayurveda
ARP_AYU000406,CLINICAL RESEARCH AYURVEDA Downloads: 0 A CLINICAL STUDY TO EVALUATE THE EFFICACY OF YASHTYADI NIRUHA VASTI IN VATARAKTA. ARP ID : ARP_AYU000406 PubMed ID : NI Doi : No Reference Type : JOURNAL ARTICLE Body System : MUSCULOSKELETAL Disease : GOUT(ICD-M 10) Research Status : Published Work Sub Category : CLINICAL RESEARCH EVIDENCE GRADE C Journal : Journal Of Ayurveda
ARP_AYU000407,"CLINICAL RESEARCH AYURVEDA Downloads: 0 A COMPARATIVE CLINICAL STUDY OF JALAUKAVCHARAN AND SHODHANA ROPANA LEPA IN DUSHTA VRANA. ARP ID : ARP_AYU000407 PubMed ID : NI Doi : No Reference Type : JOURNAL ARTICLE Body System : SKIN Disease : CHRONIC ULCER SKIN(ICPC-S97|ICD-I83.0, I83.2, L89, L97, L98.4) Research Status : Published Work Sub Category : CLINICAL RESEARCH EVIDENCE GRADE C Journal : Journal Of Ayurveda"
ARP_AYU000409,CLINICAL RESEARCH AYURVEDA Downloads: 0 A COMPARATIVE STUDY OF KAPAL BHATI AND PASCHIMOTTANASANA IN STHAULYA. ARP ID : ARP_AYU000409 PubMed ID : NI Doi : No Reference Type : JOURNAL ARTICLE Body System : ENDOCRINE / METABOLIC AND NUTRITIONAL Disease : OBESITY(ICPC-T82|ICD-E66) Research Status : Published Work Sub Category : CLINICAL RESEARCH EVIDENCE GRADE C Journal : Journal Of Ayurveda
ARP_AYU000410,"CLINICAL RESEARCH AYURVEDA Downloads: 0 CLINICAL STUDY OF AQUEOUS EXTRACT OF ECLIPTA ALBA IN MANAGEMENT OF ESSENTIAL HYPERTENSION. ARP ID : ARP_AYU000410 PubMed ID : NI Doi : No Reference Type : JOURNAL ARTICLE Body System : CIRCULATORY Disease : PULMONARY HEART DISEASE(ICPC-K82|ICD-I27, I28) Research Status : Published Work Sub Category : CLINICAL RESEARCH EVIDENCE GRADE C Journal : Journal Of Ayurveda"
ARP_AYU000411,CLINICAL RESEARCH AYURVEDA Downloads: 0 CLINICAL STUDY OF KASISADI VARTI IN THE MANAGEMENT OF PICHCHHILA YONI W.S.R. ABNORMAL VAGINAL DISCHARGE. ARP ID : ARP_AYU000411 PubMed ID : NI Doi : No Reference Type : JOURNAL ARTICLE Body System : FEMALE GENITAL SYSTEM INCLUDING BREAST Disease : LEUCORRHEA (ICD-N89.8) Research Status : Published Work Sub Category : CLINICAL RESEARCH EVIDENCE GRADE C Journal : Journal Of Ayurveda
ARP_AYU000412,"CLINICAL RESEARCH AYURVEDA Downloads: 0 EFFECT OF MEDHUMEHARI CHURNA (A HERBAL PREPARATION) IN DIABETES MELLITUS TYPE II- A CASE SERIES STUDY. ARP ID : ARP_AYU000412 PubMed ID : NI Doi : No Reference Type : JOURNAL ARTICLE Body System : ENDOCRINE / METABOLIC AND NUTRITIONAL Disease : DIABETES NON-INSULIN DEPENDENT(ICPC-T90|ICD-E11, E12, E13, E14) Research Status : Published Work Sub Category : CLINICAL RESEARCH EVIDENCE GRADE C Journal : Journal Of Ayurveda"
ARP_AYU000429,"CLINICAL RESEARCH AYURVEDA Downloads: 0 CLINICAL EVALUATION OFGOMUTRA BHAVITA METHIKA BEEJ CHOORNA AND SUKSHMA VYAYAMAIN CARDINAL SYMPTOMS OF NON INSULIN DEPENDENT DIABETES MELLITUS. ARP ID : ARP_AYU000429 PubMed ID : NI Doi : No Reference Type : JOURNAL ARTICLE Body System : ENDOCRINE / METABOLIC AND NUTRITIONAL Disease : DIABETES NON-INSULIN DEPENDENT(ICPC-T90|ICD-E11, E12, E13, E14) Research Status : Published Work Sub Category : CLINICAL RESEARCH EVIDENCE GRADE B Journal : Journal Of Ayurveda"
ARP_AYU000430,CLINICAL RESEARCH AYURVEDA Downloads: 1 CLINICAL EVALUATION OF BILVADI LEHA IN THE MANAGEMENT OF GRAHANI DOSHA WITH SPECIAL REFERENCE IRRITABLE BOWEL SYNDROME (IBS). ARP ID : ARP_AYU000430 PubMed ID : NI Doi : No Reference Type : JOURNAL ARTICLE Body System : DIGESTIVE Disease : IRRITABLE BOWEL SYNDROME(ICPC-D93|ICD-K58) Research Status : Published Work Sub Category : CLINICAL RESEARCH EVIDENCE GRADE C Journal : Journal Of Ayurveda
ARP_AYU000431,CLINICAL RESEARCH AYURVEDA Downloads: 0 EFFECT OF MOORCHITA TILA TAILA SHAMANA SNEHA AND NAVAKA GUGGULU IN HYPERLIPIDEMIA A COMPARATIVE CLINCIAL TRIAL. ARP ID : ARP_AYU000431 PubMed ID : NI Doi : No Reference Type : JOURNAL ARTICLE Body System : ENDOCRINE / METABOLIC AND NUTRITIONAL Disease : LIPID DISORDER(ICPC-T93|ICD-E78) Research Status : Published Work Sub Category : CLINICAL RESEARCH EVIDENCE GRADE C Journal : Journal Of Ayurveda
ARP_AYU000432,"CLINICAL RESEARCH AYURVEDA Downloads: 0 A COMPARATIVE STUDY ON KATAK KHADIRADI KASHYAYAM AND NIRURYADI GULIKA IN THE MANAGEMENT OF MADHUMEHA W.S.R. TO HYPERGLYCEMIA. ARP ID : ARP_AYU000432 PubMed ID : NI Doi : No Reference Type : JOURNAL ARTICLE Body System : ENDOCRINE / METABOLIC AND NUTRITIONAL Disease : DIABETES NON-INSULIN DEPENDENT(ICPC-T90|ICD-E11, E12, E13, E14) Research Status : Published Work Sub Category : CLINICAL RESEARCH EVIDENCE GRADE C Journal : Journal Of Ayurveda"
ARP_AYU000433,"CLINICAL RESEARCH AYURVEDA Downloads: 0 CLINICAL STUDY TO EVALUATE THE EFFECT OF BRAHMI GHRITA UTTARA BASTI IN VANDHYATVA W.S.R. TO FEMALE INFERTILITY. ARP ID : ARP_AYU000433 PubMed ID : NI Doi : No Reference Type : JOURNAL ARTICLE Body System : FEMALE GENITAL SYSTEM INCLUDING BREAST Disease : FEMALE INFERTILITY/SUBFERTILITY (ICPC-W15|ICD-N97.0, N97.1, N97.2, N97.3, N97.4, N97.8, N97.9) Research Status : Published Work Sub Category : CLINICAL RESEARCH EVIDENCE GRADE C Journal : Journal Of Ayurveda"
ARP_AYU000434,"CLINICAL RESEARCH AYURVEDA Downloads: 0 STUDY ON THE IMMUNOMODULATOR EFFECT OF MADHUYASHTI SYRUP IN CHILDREN. ARP ID : ARP_AYU000434 PubMed ID : NI Doi : No Reference Type : JOURNAL ARTICLE Body System : GENERAL/UNSPECIFIED Disease : HEALTH MAINT/PREVENTIVE MEDICINE(ICPC-A98|ICD-Z01, Z10, Z11, Z12, Z13, Z40, Z70) Research Status : Published Work Sub Category : CLINICAL RESEARCH EVIDENCE GRADE B Journal : Journal Of Ayurveda"
ARP_AYU000435,CLINICAL RESEARCH AYURVEDA Downloads: 0 STUDY ON THE MANAGEMENT OF SPASTICITY IN CHILDREN SUFFERING FROM CEREBRAL PALSY WITH AN AYURVEDIC COMPOUND ANDYOGIC POSTURES (ASANAS). ARP ID : ARP_AYU000435 PubMed ID : NI Doi : No Reference Type : JOURNAL ARTICLE Body System : NEUROLOGICAL Disease : CEREBRAL PALSY (ICD-G80.9) Research Status : Published Work Sub Category : CLINICAL RESEARCH EVIDENCE GRADE C Journal : Journal Of Ayurveda
ARP_AYU000436,CLINICAL RESEARCH AYURVEDA Downloads: 0 A FUNDAMENTAL AND CLINICAL STUDY OF VISHESHA-SIDDHANTA WITH SPECIAL REFERENCE TO AMLAPITTA. ARP ID : ARP_AYU000436 PubMed ID : NI Doi : No Reference Type : JOURNAL ARTICLE Body System : DIGESTIVE Disease : HYPERACIDITY(ICD-K31.8) Research Status : Published Work Sub Category : CLINICAL RESEARCH EVIDENCE GRADE C Journal : Journal Of Ayurveda
ARP_AYU000437,"CLINICAL RESEARCH AYURVEDA Downloads: 0 A CLINICAL STUDY TO EVALUATE THE EFFICACY OF VAMANA AND NASYA KARMA IN THE MANAGEMENT OF PEENASA W.S.R. TO SINUSITIS. ARP ID : ARP_AYU000437 PubMed ID : NI Doi : No Reference Type : JOURNAL ARTICLE Body System : RESPIRATORY Disease : SINUSITIS ACUTE/CHRONIC(ICPC-R75|ICD-J01, J32) Research Status : Published Work Sub Category : CLINICAL RESEARCH EVIDENCE GRADE C Journal : Journal Of Ayurveda"
ARP_AYU000438,CLINICAL RESEARCH AYURVEDA Downloads: 0 ROLE OF AGNIKARMA IN THE MANAGEMENT OF PLANTAR FASCIITIS. ARP ID : ARP_AYU000438 PubMed ID : NI Doi : No Reference Type : JOURNAL ARTICLE Body System : MUSCULOSKELETAL Disease : FIBROBLASTIC DISORDERS (ICD-M72) Research Status : Published Work Sub Category : CLINICAL RESEARCH EVIDENCE GRADE B Journal : Journal Of Ayurveda
ARP_AYU000439,"CLINICAL RESEARCH AYURVEDA Downloads: 0 A CLINICAL STUDY OF MM 21 (FORMULATED HYPOTHETICAL COMPOUND) IN THE MANAGEMENT OF MADHUMEHA (DIABETES MELLITUS TYPE-2). ARP ID : ARP_AYU000439 PubMed ID : NI Doi : No Reference Type : JOURNAL ARTICLE Body System : ENDOCRINE / METABOLIC AND NUTRITIONAL Disease : DIABETES NON-INSULIN DEPENDENT(ICPC-T90|ICD-E11, E12, E13, E14) Research Status : Published Work Sub Category : CLINICAL RESEARCH EVIDENCE GRADE C Journal : Journal Of Ayurveda"
ARP_AYU000440,"CLINICAL RESEARCH AYURVEDA Downloads: 0 AN ANTITOXIC STUDY OF SIDHARTHAKADI AGAD IN DUSHIVISHJANYA VIKAR WITH SPECIAL REFERENCE TO ALLERGIC ERUPTIVE DISORDERS OF THE SKIN. ARP ID : ARP_AYU000440 PubMed ID : NI Doi : No Reference Type : JOURNAL ARTICLE Body System : SKIN Disease : DERMATITIS CONTACT/ALLERGIC(ICPC-S88|ICD-L23, L24, L25, L27.2, L27.8, L27.9, L30.0, L30.3, L30.4, L30.8, L30.9) Research Status : Published Work Sub Category : CLINICAL RESEARCH EVIDENCE GRADE C Journal : Journal Of Ayurveda"
ARP_AYU000441,CLINICAL RESEARCH AYURVEDA Downloads: 0 THE EFFECT OF VAMANA KARMA WITH KUTAJA (VATSAKA) BEEJA YOGA IN THE MANAGEMENT OF MEDOROGA W.S.R TO DYSLIPIDEMIA. ARP ID : ARP_AYU000441 PubMed ID : NI Doi : No Reference Type : JOURNAL ARTICLE Body System : ENDOCRINE / METABOLIC AND NUTRITIONAL Disease : LIPID DISORDER(ICPC-T93|ICD-E78) Research Status : Published Work Sub Category : CLINICAL RESEARCH EVIDENCE GRADE C Journal : Journal Of Ayurveda
ARP_AYU000442,CLINICAL RESEARCH AYURVEDA Downloads: 0 AYURVEDIC MANAGEMENT OF MEDO VRIDDHI W.S.R. IN HYPERCHOLESTEROLEMIA - A CASE REPORT. ARP ID : ARP_AYU000442 PubMed ID : NI Doi : No Reference Type : JOURNAL ARTICLE Body System : ENDOCRINE / METABOLIC AND NUTRITIONAL Disease : LIPID DISORDER(ICPC-T93|ICD-E78) Research Status : Published Work Sub Category : CLINICAL RESEARCH EVIDENCE GRADE C Journal : Journal Of Ayurveda
ARP_AYU000444,"CLINICAL RESEARCH AYURVEDA Downloads: 0 A CASE REPORT: MANAGEMENT OF YAKRITDALYAUDAR (CIRRHOSIS OF LIVER) & JALODAR (ASCITES). ARP ID : ARP_AYU000444 PubMed ID : NI Doi : No Reference Type : JOURNAL ARTICLE Body System : DIGESTIVE Disease : LIVER DISEASE NOS(ICPC-D97|ICD-B58.1, B94.2, K70, K71, K72, K73, K74, K75, K76, K77) Research Status : Published Work Sub Category : CLINICAL RESEARCH EVIDENCE GRADE C Journal : Journal Of Ayurveda"
ARP_AYU000445,"CLINICAL RESEARCH AYURVEDA Downloads: 0 EFFECT OF KATI BASTI, PATRA PINDA SVEDA AND BASTIKARMA IN THE MANAGEMENT OF GRIDHRASI (W.S.R TO SCIATICA) -A CASE STUDY. ARP ID : ARP_AYU000445 PubMed ID : NI Doi : No Reference Type : JOURNAL ARTICLE Body System : MUSCULOSKELETAL Disease : SCIATICA ((ICPC-L86|ICD-M54.3) Research Status : Published Work Sub Category : CLINICAL RESEARCH EVIDENCE GRADE C Journal : Journal Of Ayurveda"
ARP_AYU000446,CLINICAL RESEARCH AYURVEDA Downloads: 0 AYURVEDIC APPROACH IN THE MANAGEMENT OF AVABAHUKA (ADHESIVE CAPSULITIS STAGE 2) IN A DIABETIC PATIENT WITH PANCHATIKTAKA PRASRATIKA BASTI - A CASE REPORT. ARP ID : ARP_AYU000446 PubMed ID : NI Doi : No Reference Type : JOURNAL ARTICLE Body System : MUSCULOSKELETAL Disease : FROZEN SHOULDER(ICD-M 75.00) Research Status : Published Work Sub Category : CLINICAL RESEARCH EVIDENCE GRADE C Journal : Journal Of Ayurveda
ARP_AYU000447,"CLINICAL RESEARCH AYURVEDA Downloads: 0 THERAPEUTIC EVALUATION OF NASYAKARMA (MEDICINE GIVEN THROUGH NOSTRILS) IN FACIAL PARALYSIS (ARDITA) ARP ID : ARP_AYU000447 PubMed ID : NI Doi : No Reference Type : JOURNAL ARTICLE Body System : NEUROLOGICAL Disease : FACIAL PARALYSIS/BELL'S PALSY(ICPC-N91|ICD-G51, G53) Research Status : Published Work Sub Category : CLINICAL RESEARCH EVIDENCE GRADE C Journal : The Antiseptic"
ARP_AYU000448,CLINICAL RESEARCH AYURVEDA Downloads: 0 MANAGEMENT OF JAUNDICE WITH AYURVEDIC MEDICINE - A CASE STUDY. ARP ID : ARP_AYU000448 PubMed ID : NI Doi : No Reference Type : JOURNAL ARTICLE Body System : DIGESTIVE Disease : UNSPECIFIED JAUNDICE (ICD-R17) Research Status : Published Work Sub Category : CLINICAL RESEARCH EVIDENCE GRADE C Journal : Journal Of Ayurveda
ARP_AYU000464,CLINICAL RESEARCH AYURVEDA Downloads: 0 CLINICAL EVALUATION OF THE ROLE OF SANSHAMANA AND SANSHODHANA CHIKITSA IN THE MANAGEMENT OF PAKSHAGHAT (HEMIPLEGIA). ARP ID : ARP_AYU000464 PubMed ID : NI Doi : No Reference Type : JOURNAL ARTICLE Body System : NEUROLOGICAL Disease : CEREBRAL PALSY (ICD-G80.9) Research Status : Published Work Sub Category : CLINICAL RESEARCH EVIDENCE GRADE B Journal : Journal Of Ayurveda
ARP_AYU000465,"CLINICAL RESEARCH AYURVEDA Downloads: 0 CLINICAL EVALUATION OF PUSHKARADI COMPOUND IN RESPIRATORY ALLERGIC DISORDERS IN CHILDREN. ARP ID : ARP_AYU000465 PubMed ID : NI Doi : No Reference Type : JOURNAL ARTICLE Body System : RESPIRATORY Disease : RESPIRATORY DISEASE OTHER(ICPC-R99|ICD-J33, J34.1, J34.2, J34.3, J34.8, J38, J39, J47, J60, J61, J62, J63, J64, J65, J66, J67, J68, J69, J70, J80, J81, J82, J84, J92, J93, J96, J98, J99, Z90.2, Z94.2, Z94.3) Research Status : Published Work Sub Category : CLINICAL RESEARCH EVIDENCE GRADE B Journal : Journal Of Ayurveda"
ARP_AYU000467,CLINICAL RESEARCH AYURVEDA Downloads: 0 CLINICAL EVALUATION OF PATHYA AHARA AND AVIPATTIKARA CHURNA IN THE MANAGEMENT OF AMLAPITTA. ARP ID : ARP_AYU000467 PubMed ID : NI Doi : No Reference Type : JOURNAL ARTICLE Body System : DIGESTIVE Disease : HYPERACIDITY(ICD-K31.8) Research Status : Published Work Sub Category : CLINICAL RESEARCH EVIDENCE GRADE B Journal : Journal Of Ayurveda
ARP_ID,Research_Information
ARP_AYU000001,"CLINICAL RESEARCH AYURVEDA Downloads: 49 MANAGEMENT OF IRON DEFICIENCY ANAEMIA IN FEMALES BY PUNARNAVA MANDURA ARP ID : ARP_AYU000001 PubMed ID : NI Doi : No Reference Type : JOURNAL ARTICLE Body System : BLOOD, BLOOD FORMING ORGANS AND IMMUNE MECHANISM Disease : IRON DEFICIENCY ANAEMIA(ICPC-B80|ICD-D50) Research Status : Published Work Sub Category : CLINICAL RESEARCH EVIDENCE GRADE C Journal : Journal Of Ayurveda"
ARP_AYU000002,"CLINICAL RESEARCH AYURVEDA Downloads: 5 LAJA MANDA & PEYA: A STUDY ON REHYDRATION & NUTRITIONAL EFFECT IN INFANTILE DIARRHOEA ARP ID : ARP_AYU000002 PubMed ID : NI Doi : No Reference Type : JOURNAL ARTICLE Body System : DIGESTIVE Disease : GASTROINTESTINAL INFECTION(ICPC-D70|ICD-A00, A01, A02, A03, A04, A05, A06, A07, A08, A09) Research Status : Published Work Sub Category : CLINICAL RESEARCH EVIDENCE GRADE B Journal : Journal Of Ayurveda"
ARP_AYU000003,"CLINICAL RESEARCH AYURVEDA Downloads: 4 EFFICACY OF AYURVEDIC MEDICINE IN THE TREATMENT OF ORAL LEUCOPLAKIA - A RANDOMIZED, SINGLE BLIND STUDY ARP ID : ARP_AYU000003 PubMed ID : NI Doi : No Reference Type : JOURNAL ARTICLE Body System : DIGESTIVE Disease : MOUTH/TONGUE/LIP DISEASE(ICPC-D83|ICD-A69.0, A69.1, B00.2, B37.0, K11, K12, K13, K14) Research Status : Published Work Sub Category : CLINICAL RESEARCH EVIDENCE GRADE B Journal : Journal Of Ayurveda"
ARP_AYU000004,"CLINICAL RESEARCH AYURVEDA Downloads: 6 CLINICAL EVALUATION OF VANGA BHASMA PREPARED BY TWO DIFFERENT METHODS IN THE MANAGEMENT OF MADHUMEHA (DIABETES MELLITUS) ARP ID : ARP_AYU000004 PubMed ID : NI Doi : No Reference Type : JOURNAL ARTICLE Body System : ENDOCRINE / METABOLIC AND NUTRITIONAL Disease : DIABETES NON-INSULIN DEPENDENT(ICPC-T90|ICD-E11, E12, E13, E14) Research Status : Published Work Sub Category : CLINICAL RESEARCH EVIDENCE GRADE C Journal : Journal Of Ayurveda"
ARP_AYU000005,CLINICAL RESEARCH AYURVEDA Downloads: 6 VATARAKTA – A CLINICAL STUDY ARP ID : ARP_AYU000005 PubMed ID : NI Doi : No Reference Type : JOURNAL ARTICLE Body System : ENDOCRINE / METABOLIC AND NUTRITIONAL Disease : GOUT(ICPC-T92|ICD-M10) Research Status : Published Work Sub Category : CLINICAL RESEARCH EVIDENCE GRADE B Journal : Journal Of Ayurveda
ARP_AYU000006,"CLINICAL RESEARCH AYURVEDA Downloads: 2 A STUDY ON COMBINED EFFECT OF SHAALA, MUNDI & NAADIHINGU ON HYPERLIPOPROTIENAMIA ARP ID : ARP_AYU000006 PubMed ID : NI Doi : No Reference Type : JOURNAL ARTICLE Body System : ENDOCRINE / METABOLIC AND NUTRITIONAL Disease : LIPID DISORDER(ICPC-T93|ICD-E78) Research Status : Published Work Sub Category : CLINICAL RESEARCH EVIDENCE GRADE C Journal : Journal Of Ayurveda"
ARP_AYU000007,CLINICAL RESEARCH AYURVEDA Downloads: 4 CLINICAL EVALUATION OF HARIDRA & CHITRAK IN THE MANAGEMENT OF MEDOROGA (OBESITY) ARP ID : ARP_AYU000007 PubMed ID : NI Doi : No Reference Type : JOURNAL ARTICLE Body System : ENDOCRINE / METABOLIC AND NUTRITIONAL Disease : OBESITY(ICPC-T82|ICD-E66) Research Status : Published Work Sub Category : CLINICAL RESEARCH EVIDENCE GRADE B Journal : Journal Of Ayurveda
ARP_AYU000008,"CLINICAL RESEARCH AYURVEDA Downloads: 1 ROLE OF ALAMBUSHADI GHANAVATI IN THE MANAGEMENT OF AMAVATA WITH SPECIAL REFERENCE TO RHEUMATOID ARTHRITIS. ARP ID : ARP_AYU000008 PubMed ID : NI Doi : No Reference Type : JOURNAL ARTICLE Body System : MUSCULOSKELETAL Disease : RHEUMATOID/SEROPOSITIVE ARTHRITIS(ICPC-L88|ICD-M05, M06, M08, M45) Research Status : Published Work Sub Category : CLINICAL RESEARCH EVIDENCE GRADE C Journal : Journal Of Ayurveda"
ARP_AYU000009,"CLINICAL RESEARCH AYURVEDA Downloads: 2 EFFECTIVENESS OF HEALING ENERGY ON SIGNIFICANTLY LOWERING BLOOD GLUCOSE IN DIABETIC PATIENTS: A PILOT STUDY REPORT. ARP ID : ARP_AYU000009 PubMed ID : NI Doi : No Reference Type : JOURNAL ARTICLE Body System : ENDOCRINE / METABOLIC AND NUTRITIONAL Disease : DIABETES NON-INSULIN DEPENDENT(ICPC-T90|ICD-E11, E12, E13, E14) Research Status : Published Work Sub Category : CLINICAL RESEARCH EVIDENCE GRADE C Journal : Journal Of Ayurveda"
ARP_AYU000010,CLINICAL RESEARCH AYURVEDA Downloads: 9 CLINICAL EVALUATION OF HYPOLIPIDAEMIC ACTIVITIES OF CERTAIN HERBO-MINERAL DRUGS WITH SPECIAL REFERENCE TO OBESITY ARP ID : ARP_AYU000010 PubMed ID : NI Doi : No Reference Type : JOURNAL ARTICLE Body System : ENDOCRINE / METABOLIC AND NUTRITIONAL Disease : OBESITY(ICPC-T82|ICD-E66) Research Status : Published Work Sub Category : CLINICAL RESEARCH EVIDENCE GRADE B Journal : Journal Of Ayurveda
ARP_AYU000012,CLINICAL RESEARCH AYURVEDA Downloads: 0 A COMPARATIVE STUDY ON THE EFFECT OF TRIYUSHANADI ANJANA AND SODIUM CROMOGLYCATE 2% EYE DROPS ON KAPHAJA ABHISHYANDA W.S.R. TO SPRING CATARRH ARP ID : ARP_AYU000012 PubMed ID : NI Doi : No Reference Type : JOURNAL ARTICLE Body System : EYE Disease : CONJUNCTIVITIS ALLERGIC(ICPC-F71|ICD-H10.1) Research Status : Published Work Sub Category : CLINICAL RESEARCH EVIDENCE GRADE B Journal : Journal Of Ayurveda
ARP_AYU000013,"CLINICAL RESEARCH AYURVEDA Downloads: 0 EFFECT OF SHATADHAUT GHRIT IN THE MANAGEMENT OF PATHOLOGICAL LEUCORRHOEA WITH SPECIAL REFERENCE TO MANAGEMNET OF PITTAJA YONIVYAPAD ARP ID : ARP_AYU000013 PubMed ID : NI Doi : No Reference Type : JOURNAL ARTICLE Body System : FEMALE GENITAL SYSTEM INCLUDING BREAST Disease : VAGINAL DISCHARGE(ICPC-X14|ICD-N89.8,A59) Research Status : Published Work Sub Category : CLINICAL RESEARCH EVIDENCE GRADE B Journal : Journal Of Ayurveda"
ARP_AYU000014,CLINICAL RESEARCH AYURVEDA Downloads: 1 A COMPARATIVE STUDY ON ROLE OF SHIRODHARA & JATAMAMSI IN THE MANAGEMENT OF VATIKA SHIRAH SHOOLA W.S.R. TO TENSION HEAD ACHE ARP ID : ARP_AYU000014 PubMed ID : NI Doi : No Reference Type : JOURNAL ARTICLE Body System : GENERAL/UNSPECIFIED Disease : HEADACHE (ICPC-N01|ICD-R51) Research Status : Published Work Sub Category : CLINICAL RESEARCH EVIDENCE GRADE B Journal : Journal Of Ayurveda
ARP_AYU000016,"CLINICAL RESEARCH AYURVEDA Downloads: 1 EFFECT OF INTERVENTION OF AYURVEDA & PRACTICAL IMPLEMENTATION OF SHADCHAKRAS (PRANIC HEALING) AN INDIGENOUS APPROACH AS CO-THERAPY WITH CHEMOTHERAPY & RADIOTHERAPY FOR PHYSICAL & MENTAL WELL BEING OF CANCER PATIENTS - A CLINICAL STUDY ARP ID : ARP_AYU000016 PubMed ID : NI Doi : No Reference Type : JOURNAL ARTICLE Body System : GENERAL/UNSPECIFIED Disease : MALIGNANCY NOS(ICPC-A79|ICD-C38.1, C38.2, C38.3, C38.8, C45.7, C45.9, C46.7, C46.8, C46.9, C76, C78, C79, C80, C97, D09.7, D09.9) Research Status : Published Work Sub Category : CLINICAL RESEARCH EVIDENCE GRADE B Journal : Journal Of Ayurveda"
ARP_AYU000017,"CLINICAL RESEARCH AYURVEDA Downloads: 0 EVALUATION OF CLINICAL RESPONSE OF CARCINOLYT (HERBAL NUTRIENTS0 TO CONTROL ADVERSE EFFECTS OF RADIOTHERAPY IN CANCER ARP ID : ARP_AYU000017 PubMed ID : NI Doi : No Reference Type : JOURNAL ARTICLE Body System : GENERAL/UNSPECIFIED Disease : MALIGNANCY NOS(ICPC-A79|ICD-C38.1, C38.2, C38.3, C38.8, C45.7, C45.9, C46.7, C46.8, C46.9, C76, C78, C79, C80, C97, D09.7, D09.9) Research Status : Published Work Sub Category : CLINICAL RESEARCH EVIDENCE GRADE B Journal : Journal Of Ayurveda"
ARP_AYU000018,"CLINICAL RESEARCH AYURVEDA Downloads: 0 TAMING THE SIDE EFFECTS OF RADIOTHERAPY IN ORAL CARCINOMA PATIENTS WITH HELP OF AYURVEDIC MEDICINE (CLINICAL STUDY) ARP ID : ARP_AYU000018 PubMed ID : NI Doi : No Reference Type : JOURNAL ARTICLE Body System : GENERAL/UNSPECIFIED Disease : MALIGNANCY NOS(ICPC-A79|ICD-C38.1, C38.2, C38.3, C38.8, C45.7, C45.9, C46.7, C46.8, C46.9, C76, C78, C79, C80, C97, D09.7, D09.9) Research Status : Published Work Sub Category : CLINICAL RESEARCH EVIDENCE GRADE C Journal : Journal Of Ayurveda"
ARP_AYU000021,"CLINICAL RESEARCH AYURVEDA Downloads: 0 A CLINICAL EVALUATION OF RASNADI GUGGULU & KATIBASTI IN KATISHOOL (W.S.R. TO LUMBO-SACRAL DISORDERS) ARP ID : ARP_AYU000021 PubMed ID : NI Doi : No Reference Type : JOURNAL ARTICLE Body System : MUSCULOSKELETAL Disease : BACK SYNDROME WITH RADIATING PAIN(ICPC-L86|ICD-M47.1, M47.2, M51, M54.3, M54.4) Research Status : Published Work Sub Category : CLINICAL RESEARCH EVIDENCE GRADE C Journal : Journal Of Ayurveda"
ARP_AYU000022,CLINICAL RESEARCH AYURVEDA Downloads: 0 CLINICAL STUDY OF THE ROLE OF AN AYURVEDIC COMPOUND (MANAS NIYAMAK YOGA) AND SHIRODHARA IN THE MANAGEMENT OF ADHD IN CHILDREN ARP ID : ARP_AYU000022 PubMed ID : NI Doi : No Reference Type : JOURNAL ARTICLE Body System : PSYCHOLOGICAL Disease : HYPERKINETIC DISORDER(ICPC-P81|ICD-F90) Research Status : Published Work Sub Category : CLINICAL RESEARCH EVIDENCE GRADE A Journal : Journal Of Ayurveda
ARP_AYU000023,CLINICAL RESEARCH AYURVEDA Downloads: 0 CLINICAL STUDY TO ASSESS THE ROLE OF SHRINGYADI YOG IN RESPIRATORY ALLERGIC DISORDERS OF CHILDREN ARP ID : ARP_AYU000023 PubMed ID : NI Doi : No Reference Type : JOURNAL ARTICLE Body System : RESPIRATORY Disease : ALLERGIC RHINITIS(ICPC-R97|ICD-J30) Research Status : Published Work Sub Category : CLINICAL RESEARCH EVIDENCE GRADE B Journal : Journal Of Ayurveda
ARP_AYU000024,CLINICAL RESEARCH AYURVEDA Downloads: 0 CLINICAL STUDY TO ASSESS THE EFFICACY OF SHIRISHADI COMPOUND IN RESPIRATORY ALLERGIC DISORDERS OF CHILDREN ARP ID : ARP_AYU000024 PubMed ID : NI Doi : No Reference Type : JOURNAL ARTICLE Body System : RESPIRATORY Disease : ALLERGIC RHINITIS(ICPC-R97|ICD-J30) Research Status : Published Work Sub Category : CLINICAL RESEARCH EVIDENCE GRADE A Journal : Journal Of Ayurveda
ARP_AYU000025,"CLINICAL RESEARCH AYURVEDA Downloads: 0 A CLINICAL STUDY ON THE ROLE OF SHIRISHADYAVALEHA AND VIRECHANA IN THE MANAGEMENT OF TAMAKASHVASA ARP ID : ARP_AYU000025 PubMed ID : NI Doi : No Reference Type : JOURNAL ARTICLE Body System : RESPIRATORY Disease : ASTHMA(ICPC-R96|ICD-J45, J46) Research Status : Published Work Sub Category : CLINICAL RESEARCH EVIDENCE GRADE B Journal : Journal Of Ayurveda"
ARP_AYU000026,"CLINICAL RESEARCH AYURVEDA Downloads: 0 CLINICAL STUDY ON THE ROLE OF VASAKANTAKARYADI YOG AND SNEHANA-SWEDANA IN THE MANAGEMENT OF BRONCHIAL ASTHMA IN CHILDREN ARP ID : ARP_AYU000026 PubMed ID : NI Doi : No Reference Type : JOURNAL ARTICLE Body System : RESPIRATORY Disease : ASTHMA(ICPC-R96|ICD-J45, J46) Research Status : Published Work Sub Category : CLINICAL RESEARCH EVIDENCE GRADE B Journal : Journal Of Ayurveda"
ARP_AYU000027,"CLINICAL RESEARCH AYURVEDA Downloads: 0 ROLE OF AYURVEDIC DRUGS IN THE MANAGEMENT OF TUNDIKERI W.S.R. TO TONSILLITIS. ARP ID : ARP_AYU000027 PubMed ID : NI Doi : No Reference Type : JOURNAL ARTICLE Body System : RESPIRATORY Disease : TONSILLITIS ACUTE(ICPC-R76|ICD-J03.8, J03.9, J36) Research Status : Published Work Sub Category : CLINICAL RESEARCH EVIDENCE GRADE C Journal : Journal Of Ayurveda"
ARP_AYU000028,CLINICAL RESEARCH AYURVEDA Downloads: 0 A CLINICAL STUDY TO ASSESS THE EFFICACY OF SUKTYADI YOG IN RICKETS. ARP ID : ARP_AYU000028 PubMed ID : NI Doi : No Reference Type : JOURNAL ARTICLE Body System : ENDOCRINE / METABOLIC AND NUTRITIONAL Disease : RICKETS (ICD-E55.0) Research Status : Published Work Sub Category : CLINICAL RESEARCH EVIDENCE GRADE C Journal : Journal Of Ayurveda
ARP_AYU000029,CLINICAL RESEARCH AYURVEDA Downloads: 0 EFFECT OF CLASSICAL VAMANOTTARA VIRECHANA KARMA FOLLOWED BY SOME AYURVEDA MEDICINE IN THE MANAGEMENT OF PSORIASIS: A CASE STUDY. ARP ID : ARP_AYU000029 PubMed ID : NI Doi : No Reference Type : JOURNAL ARTICLE Body System : SKIN Disease : PSORIASIS(ICPC-S91|ICD-L40) Research Status : Published Work Sub Category : CLINICAL RESEARCH EVIDENCE GRADE C Journal : Journal Of Ayurveda
ARP_AYU000030,"CLINICAL RESEARCH AYURVEDA Downloads: 1 COMPARATIVE STUDY OF YAUGIC KARMA (DHAUTI-PRANAYAMA) & VASAVALEHA IN TAMAKA SHWASA ARP ID : ARP_AYU000030 PubMed ID : NI Doi : No Reference Type : JOURNAL ARTICLE Body System : RESPIRATORY Disease : ASTHMA(ICPC-R96|ICD-J45, J46) Research Status : Published Work Sub Category : CLINICAL RESEARCH EVIDENCE GRADE B Journal : Journal Of Ayurveda"
ARP_AYU000031,"CLINICAL RESEARCH AYURVEDA Downloads: 0 A STUDY ON THE EFFECT OF SRI BAHUSALA GUDAM AS NAIMITTIKA RASAYANA IN THE MANAGEMENT OF INDUSTRIAL HAZARDS W.S.R. TO TAMAKA SWASA ARP ID : ARP_AYU000031 PubMed ID : NI Doi : No Reference Type : JOURNAL ARTICLE Body System : RESPIRATORY Disease : ASTHMA(ICPC-R96|ICD-J45, J46) Research Status : Published Work Sub Category : CLINICAL RESEARCH EVIDENCE GRADE C Journal : Journal Of Ayurveda"
ARP_AYU000032,"CLINICAL RESEARCH AYURVEDA Downloads: 0 CLINICAL EVALUATION OF SHIREESHADI GHANAVATI IN THE DISEASE TAMAKA SHWASA ARP ID : ARP_AYU000032 PubMed ID : NI Doi : No Reference Type : JOURNAL ARTICLE Body System : RESPIRATORY Disease : ASTHMA(ICPC-R96|ICD-J45, J46) Research Status : Published Work Sub Category : CLINICAL RESEARCH EVIDENCE GRADE C Journal : Journal Of Ayurveda"
ARP_AYU000033,"CLINICAL RESEARCH AYURVEDA Downloads: 0 TREATMENT OF ASTHMA IN CHILDREN WITH SHVAS-KAS-CHINTAMANI RAS (SKCR) ARP ID : ARP_AYU000033 PubMed ID : NI Doi : No Reference Type : JOURNAL ARTICLE Body System : RESPIRATORY Disease : ASTHMA(ICPC-R96|ICD-J45, J46) Research Status : Published Work Sub Category : CLINICAL RESEARCH EVIDENCE GRADE C Journal : Journal Of Ayurveda"
ARP_AYU000034,CLINICAL RESEARCH AYURVEDA Downloads: 0 A COMPARATIVE CLINICAL STUDY OF GUDUCHI GHANA PREPARED BY KWATHA AND AQUEOUS EXTRACT ON EKAKUSTHA. ARP ID : ARP_AYU000034 PubMed ID : NI Doi : No Reference Type : JOURNAL ARTICLE Body System : SKIN Disease : PSORIASIS(ICPC-S91|ICD-L40) Research Status : Published Work Sub Category : CLINICAL RESEARCH EVIDENCE GRADE C Journal : Journal Of Ayurveda
ARP_AYU000035,CLINICAL RESEARCH AYURVEDA Downloads: 0 EFFECT OF SEMECARPUS ANACARDIUM LINN. (BHALLATAKA) IN THE MANAGEMENT OF SKIN DISEASES W.S.R. TO PSORIASIS ARP ID : ARP_AYU000035 PubMed ID : NI Doi : No Reference Type : JOURNAL ARTICLE Body System : SKIN Disease : PSORIASIS(ICPC-S91|ICD-L40) Research Status : Published Work Sub Category : CLINICAL RESEARCH EVIDENCE GRADE C Journal : Journal Of Ayurveda
ARP_AYU000036,CLINICAL RESEARCH AYURVEDA Downloads: 0 DERMATOMYOSITIS: A COMBINED APPROACH BY PANCHAKARMA (A CASE STUDY). ARP ID : ARP_AYU000036 PubMed ID : NI Doi : No Reference Type : JOURNAL ARTICLE Body System : MUSCULOSKELETAL Disease : DERMATOMYOSITIS (ICD-M33.10) Research Status : Published Work Sub Category : CLINICAL RESEARCH EVIDENCE GRADE C Journal : Journal Of Ayurveda
ARP_AYU000037,"CLINICAL RESEARCH AYURVEDA Downloads: 1 A CLINICAL STUDY OF SHWITRA (VITILIGO) ARP ID : ARP_AYU000037 PubMed ID : NI Doi : No Reference Type : JOURNAL ARTICLE Body System : SKIN Disease : SKIN DISEASE OTHER(ICPC-S99|ICD-L10, L11, L12, L13, L14, L26, L28, L30.2, L30.5, L41, L43, L44, L45, L51, L52, L53.0, L53.1, L53.2, L53.3, L53.8, L54, L60.2, L60.3, L60.8, L68, L71, L72.0, L72.2, L72.8, L72.9, L73.0, L73.1, L73.8, L73.9, L80, L81.1, L81.4, L81.5, L81.6, L81.7, L81.8, L81.9, L82, L8) Research Status : Published Work Sub Category : CLINICAL RESEARCH EVIDENCE GRADE C Journal : Journal Of Ayurveda"
ARP_AYU000040,CLINICAL RESEARCH AYURVEDA Downloads: 0 A CLINICAL STUDY TO EVALUATE THE EFFICACY OF MEETHA NEEM (MURRAYA KOENIGII) IN MANAGEMENT OF AMLAPITTA WITH SPECIAL REFERENCE TO NON ULCER DYSPEPSIA ARP ID : ARP_AYU000040 PubMed ID : NI Doi : No Reference Type : JOURNAL ARTICLE Body System : DIGESTIVE Disease : FLATULENCE/GAS/BELCHING (ICPC-D08| ICD-R14) Research Status : Published Work Sub Category : CLINICAL RESEARCH EVIDENCE GRADE C Journal : Journal Of Ayurveda
ARP_AYU000041,"CLINICAL RESEARCH AYURVEDA Downloads: 0 A CLINICAL EVALUATION OF AGNIKARMA IN SANDHIGATA VATA W.S.R. TO CERVICAL SPONDYLOSIS ARP ID : ARP_AYU000041 PubMed ID : NI Doi : No Reference Type : JOURNAL ARTICLE Body System : MUSCULOSKELETAL Disease : NECK SYNDROME(ICPC-L83|ICD-M43.3, M43.4, M43.6, M47.8, M47.9, M48, M50, M53.0, M53.1) Research Status : Published Work Sub Category : CLINICAL RESEARCH EVIDENCE GRADE C Journal : Journal Of Ayurveda"
ARP_AYU000042,"CLINICAL RESEARCH AYURVEDA Downloads: 0 VERACITY OF SUVARNA BHASMA (GOLD ASH) AN INDIGENOUS AYURVEDIC PREPARATION, AS A THERAPEUTIC AGENT FOR MALE INFERTILITY ARP ID : ARP_AYU000042 PubMed ID : NI Doi : No Reference Type : JOURNAL ARTICLE Body System : MALE GENITAL Disease : MALE INFERTILITY/SUBFERTILITY (ICPC-Y10|ICD-N46, Z31.0, Z31.4, Z31.6, Z31.8, Z31.9) Research Status : Published Work Sub Category : CLINICAL RESEARCH EVIDENCE GRADE C Journal : Journal Of Ayurveda"
ARP_AYU000043,CLINICAL RESEARCH AYURVEDA Downloads: 0 A CLINICAL STUDY ON THE ROLE OF INDIGENOUS FORMULATION ON ARSHA (PILES) ARP ID : ARP_AYU000043 PubMed ID : NI Doi : No Reference Type : JOURNAL ARTICLE Body System : DIGESTIVE Disease : HAEMORRHOIDS(ICD-K64.8) Research Status : Published Work Sub Category : CLINICAL RESEARCH EVIDENCE GRADE C Journal : Journal Of Ayurveda
ARP_AYU000046,CLINICAL RESEARCH AYURVEDA Downloads: 0 ROLE OF AMALAKI RASAYANA AND MUKTA PISHTI IN PITTA SHAMAN - A COMPARATIVE STUDY ARP ID : ARP_AYU000046 PubMed ID : NI Doi : No Reference Type : JOURNAL ARTICLE Body System : DIGESTIVE Disease : FISTULA IN ANO (ICD-K-60.3) Research Status : Published Work Sub Category : CLINICAL RESEARCH EVIDENCE GRADE C Journal : Journal Of Ayurveda
ARP_AYU000048,"CLINICAL RESEARCH AYURVEDA Downloads: 0 CLINICAL EVALUATION OF THE ROLE OF CERTAIN HEPATO-PROTECTIVE DRUGS IN THE MANAGEMENT OF FATTY LIVER (FATTY LIVER DEGENERATION) ARP ID : ARP_AYU000048 PubMed ID : NI Doi : No Reference Type : JOURNAL ARTICLE Body System : DIGESTIVE Disease : LIVER DISEASE NOS(ICPC-D97|ICD-B58.1, B94.2, K70, K71, K72, K73, K74, K75, K76, K77) Research Status : Published Work Sub Category : CLINICAL RESEARCH EVIDENCE GRADE B Journal : Journal Of Ayurveda"
ARP_AYU000051,"CLINICAL RESEARCH AYURVEDA Downloads: 0 CLASSICAL RESEARCH WORK - CONDUCTED ON POOGTRIM IN MADHUMEHA ARP ID : ARP_AYU000051 PubMed ID : NI Doi : No Reference Type : JOURNAL ARTICLE Body System : ENDOCRINE / METABOLIC AND NUTRITIONAL Disease : DIABETES NON-INSULIN DEPENDENT(ICPC-T90|ICD-E11, E12, E13, E14) Research Status : Published Work Sub Category : CLINICAL RESEARCH EVIDENCE GRADE C Journal : Journal Of Ayurveda"
ARP_AYU000053,CLINICAL RESEARCH AYURVEDA Downloads: 0 RANDOMIZED CLINICAL TRIAL TO EVALUATE THE ROLE OF TRIPHALA GUGGULU SYRUP IN BALA ATI STHAULYA (CHILDHOOD OBESITY) ARP ID : ARP_AYU000053 PubMed ID : NI Doi : No Reference Type : JOURNAL ARTICLE Body System : ENDOCRINE / METABOLIC AND NUTRITIONAL Disease : OBESITY(ICPC-T82|ICD-E66) Research Status : Published Work Sub Category : CLINICAL RESEARCH EVIDENCE GRADE B Journal : Journal Of Ayurveda
ARP_AYU000054,"CLINICAL RESEARCH AYURVEDA Downloads: 0 THE ROLE OF INDIGENOUS RECIPE IN MANAGEMENT OF MALNUTRITION IN CHILDREN (PRE SCHOOL) ARP ID : ARP_AYU000054 PubMed ID : NI Doi : No Reference Type : JOURNAL ARTICLE Body System : ENDOCRINE / METABOLIC AND NUTRITIONAL Disease : VITAMIN/NUTRITIONAL DEFICIENCY(ICPC-T91|ICD-E40, E41, E42, E43, E44, E45, E46, E50, E51.1, E51.8, E51.9, E52, E53, E54, E55, E56, E58, E59, E60, E61, E63, E64) Research Status : Published Work Sub Category : CLINICAL RESEARCH EVIDENCE GRADE C Journal : Journal Of Ayurveda"
ARP_AYU000055,"CLINICAL RESEARCH AYURVEDA Downloads: 0 ROLE OF AYURVEDA IN ESTROGEN DOMINANCE SYNDROME W.S.R. TO EXPERIMENTAL SURVEY ON ESTROGEN DOMINANCE ARP ID : ARP_AYU000055 PubMed ID : NI Doi : No Reference Type : JOURNAL ARTICLE Body System : FEMALE GENITAL SYSTEM INCLUDING BREAST Disease : GENITAL DISEASE FEMALE OTHER(ICPC-X99|ICD-A55, A57, A58, A63.8, N61, N64.1, N64.2, N64.8, N75, N80, N82, N83, N84.0, N84.2, N84.3, N84.8, N84.9, N85, N89.0, N89.1, N89.2, N89.3, N89.4, N89.5, N89.6, N89.7, N90.0, N90.1, N90.2, N90.3, N90.4, N90.5, N90.6, N90.7, N90.8, N94.8, N94.9, N96, N98, Z90.) Research Status : Published Work Sub Category : CLINICAL RESEARCH EVIDENCE GRADE C Journal : Journal Of Ayurveda"
ARP_AYU000056,"CLINICAL RESEARCH AYURVEDA Downloads: 0 CLINIACAL MANAGEMENT OF KASHTARTAVA BY HINGU THRIGUNATAILA ORALLY WITH & WITHOUT DILATION & CURETTAGE (D & C) ARP ID : ARP_AYU000056 PubMed ID : NI Doi : No Reference Type : JOURNAL ARTICLE Body System : FEMALE GENITAL SYSTEM INCLUDING BREAST Disease : PAIN AND OTHER CONDITIONS ASSOCIATED WITH FEMALE GENITAL ORGANS AND MENSTRUAL CYCLE (ICPC-X01,X02, X03, X04|ICD-N94.0,N94.1,N94.2,N94.4,N94.5,N94.6) Research Status : Published Work Sub Category : CLINICAL RESEARCH EVIDENCE GRADE C Journal : Journal Of Ayurveda"
ARP_AYU000058,"CLINICAL RESEARCH AYURVEDA Downloads: 0 CLINICAL EVALUATION AND EFFECT OF THE ROLE OF VEG-CURE COMPOUND (KALPIT) IN THE MANAGEMENT OF TRIDOSHAJA YONIVYAPADA W.S.R. TO BACTERIAL VAGINOSIS ARP ID : ARP_AYU000058 PubMed ID : NI Doi : No Reference Type : JOURNAL ARTICLE Body System : FEMALE GENITAL SYSTEM INCLUDING BREAST Disease : PELVIC INFLAMMATORY DISEASE(ICPC-X74|ICD-N70, N71, N73, N74) Research Status : Published Work Sub Category : CLINICAL RESEARCH EVIDENCE GRADE B Journal : Journal Of Ayurveda"
ARP_AYU000068,"CLINICAL RESEARCH AYURVEDA Downloads: 0 A CLINICAL STUDY ON THE ROLE OF AYURVEDIC HERBAL COMPOUND IN THE MANAGEMENT OF THE PREMATURE EJACULATION ARP ID : ARP_AYU000068 PubMed ID : NI Doi : No Reference Type : JOURNAL ARTICLE Body System : MALE GENITAL Disease : SEXUAL DESIRE REDUCED (ICPC-P07|ICD-F52.0, F52.1, F52.2, F52.3, F52.4) Research Status : Published Work Sub Category : CLINICAL RESEARCH EVIDENCE GRADE B Journal : Journal Of Ayurveda"
ARP_AYU000069,"CLINICAL RESEARCH AYURVEDA Downloads: 1 COMPARATIVE EFFICACY OF RAKTAMOKSHANA & KATIVASTI IN GRIDHRASI (W.S.R. TO SCIATICA) ARP ID : ARP_AYU000069 PubMed ID : NI Doi : No Reference Type : JOURNAL ARTICLE Body System : MUSCULOSKELETAL Disease : BACK SYNDROME WITH RADIATING PAIN(ICPC-L86|ICD-M47.1, M47.2, M51, M54.3, M54.4) Research Status : Published Work Sub Category : CLINICAL RESEARCH EVIDENCE GRADE B Journal : Journal Of Ayurveda"
ARP_AYU000070,"CLINICAL RESEARCH AYURVEDA Downloads: 0 CLINICAL EVALUATION OF EFFICACY OF KATI BASTI AND RASNADI GUGGULU IN THE MANAGEMENT OF KATISHOOLA (LUMBAGO) ARP ID : ARP_AYU000070 PubMed ID : NI Doi : No Reference Type : JOURNAL ARTICLE Body System : MUSCULOSKELETAL Disease : BACK SYNDROME WITH RADIATING PAIN(ICPC-L86|ICD-M47.1, M47.2, M51, M54.3, M54.4) Research Status : Published Work Sub Category : CLINICAL RESEARCH EVIDENCE GRADE C Journal : Journal Of Ayurveda"
ARP_AYU000071,"CLINICAL RESEARCH AYURVEDA Downloads: 0 JANUVASTI, ELECTROTHERAPY & TRACTION IN THE MANAGEMENT OF JANU SANDHIGATA VATA UNDER INFLUENCE OF TRAYODASHANG GUGGULU ARP ID : ARP_AYU000071 PubMed ID : NI Doi : No Reference Type : JOURNAL ARTICLE Body System : MUSCULOSKELETAL Disease : OSTEOARTHROSIS OF KNEE(ICPC-L90|ICD-M17) Research Status : Published Work Sub Category : CLINICAL RESEARCH EVIDENCE GRADE B Journal : Journal Of Ayurveda"
ARP_AYU000072,"CLINICAL RESEARCH AYURVEDA Downloads: 0 A CLINICAL STUDY ON EFFICACY OF KUMARIMAJJA AND HARIDRA ON EPISIOTOMY WOUND ARP ID : ARP_AYU000072 PubMed ID : NI Doi : No Reference Type : JOURNAL ARTICLE Body System : PREGNANCY, CHILDBEARING, FAMILY PLANNING Disease : EPISIOTOMY (ICPC-W92| ICD-O90.1) Research Status : Published Work Sub Category : CLINICAL RESEARCH EVIDENCE GRADE C Journal : Journal Of Ayurveda"
ARP_AYU000073,CLINICAL RESEARCH AYURVEDA Downloads: 0 CLINICAL STUDY OF AN AYURVEDIC COMPOUND & SHIRODHARA IN THE MANAGEMENT OF ATTENTION - DEFICIT / HYPERACTIVITY DISORDER (AD/HD) AFFECTED CHILDREN ARP ID : ARP_AYU000073 PubMed ID : NI Doi : No Reference Type : JOURNAL ARTICLE Body System : PSYCHOLOGICAL Disease : HYPERKINETIC DISORDER(ICPC-P81|ICD-F90) Research Status : Published Work Sub Category : CLINICAL RESEARCH EVIDENCE GRADE B Journal : Journal Of Ayurveda
ARP_AYU000075,"CLINICAL RESEARCH AYURVEDA Downloads: 0 CLINICAL EVALUATION OF ROLE OF HERBAL NEBULIZER IN THE MANAGEMENT OF BRONCHIAL ASTHMA W.S.R. TO TAMAKA-SHWASA ARP ID : ARP_AYU000075 PubMed ID : NI Doi : No Reference Type : JOURNAL ARTICLE Body System : RESPIRATORY Disease : ASTHMA(ICPC-R96|ICD-J45, J46) Research Status : Published Work Sub Category : CLINICAL RESEARCH EVIDENCE GRADE C Journal : Journal Of Ayurveda"
ARP_AYU000077,"CLINICAL RESEARCH AYURVEDA Downloads: 0 RANDOMISED CONTROLLED STUDY ON THE ROLE OF A HERBAL FORMULATION (TAB-CARDI CARE) AND BASTI TREATMENT IN THE MANAGEMENT OF CORONORY ARTERY DISEASE (HRADYA ROG) ARP ID : ARP_AYU000077 PubMed ID : NI Doi : No Reference Type : JOURNAL ARTICLE Body System : CIRCULATORY Disease : ISCHAEMIC HEART DIS WITHOUT ANGINA(ICPC-K76|ICD-I24, I25) Research Status : Published Work Sub Category : CLINICAL RESEARCH EVIDENCE GRADE C Journal : Journal Of Ayurveda"
ARP_AYU000078,"CLINICAL RESEARCH AYURVEDA Downloads: 0 ROLE OF SARVANGASAN IN MANAGEMENT OF KHALITYA ROGA ARP ID : ARP_AYU000078 PubMed ID : NI Doi : No Reference Type : JOURNAL ARTICLE Body System : SKIN Disease : HAIR LOSS/ BALDNESS (ICPC-S23|ICD -L63,L64,L65,L66) Research Status : Published Work Sub Category : CLINICAL RESEARCH EVIDENCE GRADE C Journal : Journal Of Ayurveda"
ARP_AYU000106,"CLINICAL RESEARCH AYURVEDA Downloads: 0 CLINICAL STUDY TO ASSESS THE ROLE OF AKSHITARPANA, SHIRODHARA AND AN AYURVEDIC COMPOUND IN CHILDHOOD COMPUTER VISION SYNDROME ARP ID : ARP_AYU000106 PubMed ID : NI Doi : No Reference Type : JOURNAL ARTICLE Body System : EYE Disease : COMPUTER VISION SYNDROME (ICD-H53.8) Research Status : Published Work Sub Category : CLINICAL RESEARCH EVIDENCE GRADE C Journal : Journal Of Ayurveda"
ARP_AYU000107,"CLINICAL RESEARCH AYURVEDA Downloads: 0 MANAGEMENT OF CERVICAL EROSION BY KSHARA KARMA ARP ID : ARP_AYU000107 PubMed ID : NI Doi : No Reference Type : JOURNAL ARTICLE Body System : FEMALE GENITAL SYSTEM INCLUDING BREAST Disease : CERVICAL DISEASE NOS(ICPC-X85|ICD-N72, N84.1, N86, N88) Research Status : Published Work Sub Category : CLINICAL RESEARCH EVIDENCE GRADE C Journal : Journal Of Ayurveda"
ARP_AYU000108,"CLINICAL RESEARCH AYURVEDA Downloads: 0 AYURVEDIC APPROACH FOR THE MANAGEMENT OF SECONDARY INFERTILITY ARP ID : ARP_AYU000108 PubMed ID : NI Doi : No Reference Type : JOURNAL ARTICLE Body System : FEMALE GENITAL SYSTEM INCLUDING BREAST Disease : FEMALE INFERTILITY/SUBFERTILITY (ICPC-W15|ICD-N97.0, N97.1, N97.2, N97.3, N97.4, N97.8, N97.9) Research Status : Published Work Sub Category : CLINICAL RESEARCH EVIDENCE GRADE C Journal : Journal Of Ayurveda"
ARP_AYU000110,"CLINICAL RESEARCH AYURVEDA Downloads: 0 COMPARATIVE STUDY ON THE EFFICACY OF DHATRI LAUHA AND GUDADI MANDOOR IN THE MANAGEMENT OF PANDU ROGA (IRON DEFICIENCY ANEMIA) IN CHILDREN ARP ID : ARP_AYU000110 PubMed ID : NI Doi : No Reference Type : JOURNAL ARTICLE Body System : BLOOD, BLOOD FORMING ORGANS AND IMMUNE MECHANISM Disease : IRON DEFICIENCY ANAEMIA(ICPC-B80|ICD-D50) Research Status : Published Work Sub Category : CLINICAL RESEARCH EVIDENCE GRADE C Journal : Journal Of Ayurveda"
